run,submitted_unix_ns,wake_accepted_unix_ns,semantic_unix_ns,semantic_seconds,response
1,1786991655219461152,1786991666218136378,1786991667600898327,12.381,eyJpZCI6ImNoYXRjbXBsLWE1MDVlMDdlY2JkZDBkODIiLCJvYmplY3QiOiJjaGF0LmNvbXBsZXRpb24iLCJjcmVhdGVkIjoxNzg2OTkxNjY3LCJtb2RlbCI6InF3ZW4zLThiIiwiY2hvaWNlcyI6W3siaW5kZXgiOjAsIm1lc3NhZ2UiOnsicm9sZSI6ImFzc2lzdGFudCIsImNvbnRlbnQiOiI8dGhpbms+XG5Pa2F5LCB0aGUgdXNlciB3YW50cyBtZSB0byByZXBseSB3aXRoIGV4YWN0bHkgXCJSRVNUT1JFX09LIiwicmVmdXNhbCI6bnVsbCwiYW5ub3RhdGlvbnMiOm51bGwsImF1ZGlvIjpudWxsLCJmdW5jdGlvbl9jYWxsIjpudWxsLCJyZWFzb25pbmciOm51bGx9LCJsb2dwcm9icyI6bnVsbCwiZmluaXNoX3JlYXNvbiI6Imxlbmd0aCIsInN0b3BfcmVhc29uIjpudWxsLCJ0b2tlbl9pZHMiOm51bGwsInJvdXRlZF9leHBlcnRzIjpudWxsfV0sInNlcnZpY2VfdGllciI6bnVsbCwic3lzdGVtX2ZpbmdlcnByaW50IjoidmxsbS0wLjI2LjAtNmY5OGZmN2IiLCJ1c2FnZSI6eyJwcm9tcHRfdG9rZW5zIjoxNCwidG90YWxfdG9rZW5zIjozMCwiY29tcGxldGlvbl90b2tlbnMiOjE2LCJwcm9tcHRfdG9rZW5zX2RldGFpbHMiOm51bGx9LCJwcm9tcHRfbG9ncHJvYnMiOm51bGwsInByb21wdF90b2tlbl9pZHMiOm51bGwsInByb21wdF90ZXh0IjpudWxsLCJrdl90cmFuc2Zlcl9wYXJhbXMiOm51bGwsImVjX3RyYW5zZmVyX3BhcmFtcyI6bnVsbCwibWV0cmljcyI6bnVsbH0=
2,1786991701903595975,1786991717228147523,1786991718610605418,16.707,eyJpZCI6ImNoYXRjbXBsLWE2YmE4Yjc0MTA1OTQ2YzkiLCJvYmplY3QiOiJjaGF0LmNvbXBsZXRpb24iLCJjcmVhdGVkIjoxNzg2OTkxNzE4LCJtb2RlbCI6InF3ZW4zLThiIiwiY2hvaWNlcyI6W3siaW5kZXgiOjAsIm1lc3NhZ2UiOnsicm9sZSI6ImFzc2lzdGFudCIsImNvbnRlbnQiOiI8dGhpbms+XG5Pa2F5LCB0aGUgdXNlciB3YW50cyBtZSB0byByZXBseSB3aXRoIGV4YWN0bHkgXCJSRVNUT1JFX09LIiwicmVmdXNhbCI6bnVsbCwiYW5ub3RhdGlvbnMiOm51bGwsImF1ZGlvIjpudWxsLCJmdW5jdGlvbl9jYWxsIjpudWxsLCJyZWFzb25pbmciOm51bGx9LCJsb2dwcm9icyI6bnVsbCwiZmluaXNoX3JlYXNvbiI6Imxlbmd0aCIsInN0b3BfcmVhc29uIjpudWxsLCJ0b2tlbl9pZHMiOm51bGwsInJvdXRlZF9leHBlcnRzIjpudWxsfV0sInNlcnZpY2VfdGllciI6bnVsbCwic3lzdGVtX2ZpbmdlcnByaW50IjoidmxsbS0wLjI2LjAtNmY5OGZmN2IiLCJ1c2FnZSI6eyJwcm9tcHRfdG9rZW5zIjoxNCwidG90YWxfdG9rZW5zIjozMCwiY29tcGxldGlvbl90b2tlbnMiOjE2LCJwcm9tcHRfdG9rZW5zX2RldGFpbHMiOm51bGx9LCJwcm9tcHRfbG9ncHJvYnMiOm51bGwsInByb21wdF90b2tlbl9pZHMiOm51bGwsInByb21wdF90ZXh0IjpudWxsLCJrdl90cmFuc2Zlcl9wYXJhbXMiOm51bGwsImVjX3RyYW5zZmVyX3BhcmFtcyI6bnVsbCwibWV0cmljcyI6bnVsbH0=
3,1786991752615889548,1786991768329140802,1786991769686297353,17.070,eyJpZCI6ImNoYXRjbXBsLWEwNzc0YzJiMDhhNTllMGEiLCJvYmplY3QiOiJjaGF0LmNvbXBsZXRpb24iLCJjcmVhdGVkIjoxNzg2OTkxNzY5LCJtb2RlbCI6InF3ZW4zLThiIiwiY2hvaWNlcyI6W3siaW5kZXgiOjAsIm1lc3NhZ2UiOnsicm9sZSI6ImFzc2lzdGFudCIsImNvbnRlbnQiOiI8dGhpbms+XG5Pa2F5LCB0aGUgdXNlciB3YW50cyBtZSB0byByZXBseSB3aXRoIGV4YWN0bHkgXCJSRVNUT1JFX09LIiwicmVmdXNhbCI6bnVsbCwiYW5ub3RhdGlvbnMiOm51bGwsImF1ZGlvIjpudWxsLCJmdW5jdGlvbl9jYWxsIjpudWxsLCJyZWFzb25pbmciOm51bGx9LCJsb2dwcm9icyI6bnVsbCwiZmluaXNoX3JlYXNvbiI6Imxlbmd0aCIsInN0b3BfcmVhc29uIjpudWxsLCJ0b2tlbl9pZHMiOm51bGwsInJvdXRlZF9leHBlcnRzIjpudWxsfV0sInNlcnZpY2VfdGllciI6bnVsbCwic3lzdGVtX2ZpbmdlcnByaW50IjoidmxsbS0wLjI2LjAtNmY5OGZmN2IiLCJ1c2FnZSI6eyJwcm9tcHRfdG9rZW5zIjoxNCwidG90YWxfdG9rZW5zIjozMCwiY29tcGxldGlvbl90b2tlbnMiOjE2LCJwcm9tcHRfdG9rZW5zX2RldGFpbHMiOm51bGx9LCJwcm9tcHRfbG9ncHJvYnMiOm51bGwsInByb21wdF90b2tlbl9pZHMiOm51bGwsInByb21wdF90ZXh0IjpudWxsLCJrdl90cmFuc2Zlcl9wYXJhbXMiOm51bGwsImVjX3RyYW5zZmVyX3BhcmFtcyI6bnVsbCwibWV0cmljcyI6bnVsbH0=
4,1786991803703899684,1786991819460751192,1786991820784120719,17.080,eyJpZCI6ImNoYXRjbXBsLWI4YTc4ZDQzYzUyODkzNGIiLCJvYmplY3QiOiJjaGF0LmNvbXBsZXRpb24iLCJjcmVhdGVkIjoxNzg2OTkxODIwLCJtb2RlbCI6InF3ZW4zLThiIiwiY2hvaWNlcyI6W3siaW5kZXgiOjAsIm1lc3NhZ2UiOnsicm9sZSI6ImFzc2lzdGFudCIsImNvbnRlbnQiOiI8dGhpbms+XG5Pa2F5LCB0aGUgdXNlciB3YW50cyBtZSB0byByZXBseSB3aXRoIGV4YWN0bHkgXCJSRVNUT1JFX09LIiwicmVmdXNhbCI6bnVsbCwiYW5ub3RhdGlvbnMiOm51bGwsImF1ZGlvIjpudWxsLCJmdW5jdGlvbl9jYWxsIjpudWxsLCJyZWFzb25pbmciOm51bGx9LCJsb2dwcm9icyI6bnVsbCwiZmluaXNoX3JlYXNvbiI6Imxlbmd0aCIsInN0b3BfcmVhc29uIjpudWxsLCJ0b2tlbl9pZHMiOm51bGwsInJvdXRlZF9leHBlcnRzIjpudWxsfV0sInNlcnZpY2VfdGllciI6bnVsbCwic3lzdGVtX2ZpbmdlcnByaW50IjoidmxsbS0wLjI2LjAtNmY5OGZmN2IiLCJ1c2FnZSI6eyJwcm9tcHRfdG9rZW5zIjoxNCwidG90YWxfdG9rZW5zIjozMCwiY29tcGxldGlvbl90b2tlbnMiOjE2LCJwcm9tcHRfdG9rZW5zX2RldGFpbHMiOm51bGx9LCJwcm9tcHRfbG9ncHJvYnMiOm51bGwsInByb21wdF90b2tlbl9pZHMiOm51bGwsInByb21wdF90ZXh0IjpudWxsLCJrdl90cmFuc2Zlcl9wYXJhbXMiOm51bGwsImVjX3RyYW5zZmVyX3BhcmFtcyI6bnVsbCwibWV0cmljcyI6bnVsbH0=
5,1786991854793509959,1786991870592796200,1786991871944420315,17.151,eyJpZCI6ImNoYXRjbXBsLWEyYWZiZWY5ZWY2YjEwNWEiLCJvYmplY3QiOiJjaGF0LmNvbXBsZXRpb24iLCJjcmVhdGVkIjoxNzg2OTkxODcxLCJtb2RlbCI6InF3ZW4zLThiIiwiY2hvaWNlcyI6W3siaW5kZXgiOjAsIm1lc3NhZ2UiOnsicm9sZSI6ImFzc2lzdGFudCIsImNvbnRlbnQiOiI8dGhpbms+XG5Pa2F5LCB0aGUgdXNlciB3YW50cyBtZSB0byByZXBseSB3aXRoIGV4YWN0bHkgXCJSRVNUT1JFX09LIiwicmVmdXNhbCI6bnVsbCwiYW5ub3RhdGlvbnMiOm51bGwsImF1ZGlvIjpudWxsLCJmdW5jdGlvbl9jYWxsIjpudWxsLCJyZWFzb25pbmciOm51bGx9LCJsb2dwcm9icyI6bnVsbCwiZmluaXNoX3JlYXNvbiI6Imxlbmd0aCIsInN0b3BfcmVhc29uIjpudWxsLCJ0b2tlbl9pZHMiOm51bGwsInJvdXRlZF9leHBlcnRzIjpudWxsfV0sInNlcnZpY2VfdGllciI6bnVsbCwic3lzdGVtX2ZpbmdlcnByaW50IjoidmxsbS0wLjI2LjAtNmY5OGZmN2IiLCJ1c2FnZSI6eyJwcm9tcHRfdG9rZW5zIjoxNCwidG90YWxfdG9rZW5zIjozMCwiY29tcGxldGlvbl90b2tlbnMiOjE2LCJwcm9tcHRfdG9rZW5zX2RldGFpbHMiOm51bGx9LCJwcm9tcHRfbG9ncHJvYnMiOm51bGwsInByb21wdF90b2tlbl9pZHMiOm51bGwsInByb21wdF90ZXh0IjpudWxsLCJrdl90cmFuc2Zlcl9wYXJhbXMiOm51bGwsImVjX3RyYW5zZmVyX3BhcmFtcyI6bnVsbCwibWV0cmljcyI6bnVsbH0=
6,1786991905871374294,1786991921558302397,1786991922906255977,17.035,eyJpZCI6ImNoYXRjbXBsLTgxMjE2OTJjNGExMzhjOTEiLCJvYmplY3QiOiJjaGF0LmNvbXBsZXRpb24iLCJjcmVhdGVkIjoxNzg2OTkxOTIyLCJtb2RlbCI6InF3ZW4zLThiIiwiY2hvaWNlcyI6W3siaW5kZXgiOjAsIm1lc3NhZ2UiOnsicm9sZSI6ImFzc2lzdGFudCIsImNvbnRlbnQiOiI8dGhpbms+XG5Pa2F5LCB0aGUgdXNlciB3YW50cyBtZSB0byByZXBseSB3aXRoIGV4YWN0bHkgXCJSRVNUT1JFX09LIiwicmVmdXNhbCI6bnVsbCwiYW5ub3RhdGlvbnMiOm51bGwsImF1ZGlvIjpudWxsLCJmdW5jdGlvbl9jYWxsIjpudWxsLCJyZWFzb25pbmciOm51bGx9LCJsb2dwcm9icyI6bnVsbCwiZmluaXNoX3JlYXNvbiI6Imxlbmd0aCIsInN0b3BfcmVhc29uIjpudWxsLCJ0b2tlbl9pZHMiOm51bGwsInJvdXRlZF9leHBlcnRzIjpudWxsfV0sInNlcnZpY2VfdGllciI6bnVsbCwic3lzdGVtX2ZpbmdlcnByaW50IjoidmxsbS0wLjI2LjAtNmY5OGZmN2IiLCJ1c2FnZSI6eyJwcm9tcHRfdG9rZW5zIjoxNCwidG90YWxfdG9rZW5zIjozMCwiY29tcGxldGlvbl90b2tlbnMiOjE2LCJwcm9tcHRfdG9rZW5zX2RldGFpbHMiOm51bGx9LCJwcm9tcHRfbG9ncHJvYnMiOm51bGwsInByb21wdF90b2tlbl9pZHMiOm51bGwsInByb21wdF90ZXh0IjpudWxsLCJrdl90cmFuc2Zlcl9wYXJhbXMiOm51bGwsImVjX3RyYW5zZmVyX3BhcmFtcyI6bnVsbCwibWV0cmljcyI6bnVsbH0=
7,1786991956968189591,1786991972724821615,1786991974047662267,17.079,eyJpZCI6ImNoYXRjbXBsLTliYTRlY2I3ZGQ5N2IyZWYiLCJvYmplY3QiOiJjaGF0LmNvbXBsZXRpb24iLCJjcmVhdGVkIjoxNzg2OTkxOTczLCJtb2RlbCI6InF3ZW4zLThiIiwiY2hvaWNlcyI6W3siaW5kZXgiOjAsIm1lc3NhZ2UiOnsicm9sZSI6ImFzc2lzdGFudCIsImNvbnRlbnQiOiI8dGhpbms+XG5Pa2F5LCB0aGUgdXNlciB3YW50cyBtZSB0byByZXBseSB3aXRoIGV4YWN0bHkgXCJSRVNUT1JFX09LIiwicmVmdXNhbCI6bnVsbCwiYW5ub3RhdGlvbnMiOm51bGwsImF1ZGlvIjpudWxsLCJmdW5jdGlvbl9jYWxsIjpudWxsLCJyZWFzb25pbmciOm51bGx9LCJsb2dwcm9icyI6bnVsbCwiZmluaXNoX3JlYXNvbiI6Imxlbmd0aCIsInN0b3BfcmVhc29uIjpudWxsLCJ0b2tlbl9pZHMiOm51bGwsInJvdXRlZF9leHBlcnRzIjpudWxsfV0sInNlcnZpY2VfdGllciI6bnVsbCwic3lzdGVtX2ZpbmdlcnByaW50IjoidmxsbS0wLjI2LjAtNmY5OGZmN2IiLCJ1c2FnZSI6eyJwcm9tcHRfdG9rZW5zIjoxNCwidG90YWxfdG9rZW5zIjozMCwiY29tcGxldGlvbl90b2tlbnMiOjE2LCJwcm9tcHRfdG9rZW5zX2RldGFpbHMiOm51bGx9LCJwcm9tcHRfbG9ncHJvYnMiOm51bGwsInByb21wdF90b2tlbl9pZHMiOm51bGwsInByb21wdF90ZXh0IjpudWxsLCJrdl90cmFuc2Zlcl9wYXJhbXMiOm51bGwsImVjX3RyYW5zZmVyX3BhcmFtcyI6bnVsbCwibWV0cmljcyI6bnVsbH0=
8,1786991974914269732,1786991983784705138,1786991985099788027,10.186,eyJpZCI6ImNoYXRjbXBsLThmZWFkMjI5NDliNWUxYjAiLCJvYmplY3QiOiJjaGF0LmNvbXBsZXRpb24iLCJjcmVhdGVkIjoxNzg2OTkxOTg0LCJtb2RlbCI6InF3ZW4zLThiIiwiY2hvaWNlcyI6W3siaW5kZXgiOjAsIm1lc3NhZ2UiOnsicm9sZSI6ImFzc2lzdGFudCIsImNvbnRlbnQiOiI8dGhpbms+XG5Pa2F5LCB0aGUgdXNlciB3YW50cyBtZSB0byByZXBseSB3aXRoIGV4YWN0bHkgXCJSRVNUT1JFX09LIiwicmVmdXNhbCI6bnVsbCwiYW5ub3RhdGlvbnMiOm51bGwsImF1ZGlvIjpudWxsLCJmdW5jdGlvbl9jYWxsIjpudWxsLCJyZWFzb25pbmciOm51bGx9LCJsb2dwcm9icyI6bnVsbCwiZmluaXNoX3JlYXNvbiI6Imxlbmd0aCIsInN0b3BfcmVhc29uIjpudWxsLCJ0b2tlbl9pZHMiOm51bGwsInJvdXRlZF9leHBlcnRzIjpudWxsfV0sInNlcnZpY2VfdGllciI6bnVsbCwic3lzdGVtX2ZpbmdlcnByaW50IjoidmxsbS0wLjI2LjAtNmY5OGZmN2IiLCJ1c2FnZSI6eyJwcm9tcHRfdG9rZW5zIjoxNCwidG90YWxfdG9rZW5zIjozMCwiY29tcGxldGlvbl90b2tlbnMiOjE2LCJwcm9tcHRfdG9rZW5zX2RldGFpbHMiOm51bGx9LCJwcm9tcHRfbG9ncHJvYnMiOm51bGwsInByb21wdF90b2tlbl9pZHMiOm51bGwsInByb21wdF90ZXh0IjpudWxsLCJrdl90cmFuc2Zlcl9wYXJhbXMiOm51bGwsImVjX3RyYW5zZmVyX3BhcmFtcyI6bnVsbCwibWV0cmljcyI6bnVsbH0=
9,1786991985966779927,1786991994715556866,1786991996053429198,10.087,eyJpZCI6ImNoYXRjbXBsLTg3YzNjNzVkN2M5MTk3M2YiLCJvYmplY3QiOiJjaGF0LmNvbXBsZXRpb24iLCJjcmVhdGVkIjoxNzg2OTkxOTk1LCJtb2RlbCI6InF3ZW4zLThiIiwiY2hvaWNlcyI6W3siaW5kZXgiOjAsIm1lc3NhZ2UiOnsicm9sZSI6ImFzc2lzdGFudCIsImNvbnRlbnQiOiI8dGhpbms+XG5Pa2F5LCB0aGUgdXNlciB3YW50cyBtZSB0byByZXBseSB3aXRoIGV4YWN0bHkgXCJSRVNUT1JFX09LIiwicmVmdXNhbCI6bnVsbCwiYW5ub3RhdGlvbnMiOm51bGwsImF1ZGlvIjpudWxsLCJmdW5jdGlvbl9jYWxsIjpudWxsLCJyZWFzb25pbmciOm51bGx9LCJsb2dwcm9icyI6bnVsbCwiZmluaXNoX3JlYXNvbiI6Imxlbmd0aCIsInN0b3BfcmVhc29uIjpudWxsLCJ0b2tlbl9pZHMiOm51bGwsInJvdXRlZF9leHBlcnRzIjpudWxsfV0sInNlcnZpY2VfdGllciI6bnVsbCwic3lzdGVtX2ZpbmdlcnByaW50IjoidmxsbS0wLjI2LjAtNmY5OGZmN2IiLCJ1c2FnZSI6eyJwcm9tcHRfdG9rZW5zIjoxNCwidG90YWxfdG9rZW5zIjozMCwiY29tcGxldGlvbl90b2tlbnMiOjE2LCJwcm9tcHRfdG9rZW5zX2RldGFpbHMiOm51bGx9LCJwcm9tcHRfbG9ncHJvYnMiOm51bGwsInByb21wdF90b2tlbl9pZHMiOm51bGwsInByb21wdF90ZXh0IjpudWxsLCJrdl90cmFuc2Zlcl9wYXJhbXMiOm51bGwsImVjX3RyYW5zZmVyX3BhcmFtcyI6bnVsbCwibWV0cmljcyI6bnVsbH0=
10,1786991996920555242,1786992005802464686,1786992007173183874,10.253,eyJpZCI6ImNoYXRjbXBsLWI0YzZhNDg3YmRlMzZhYTUiLCJvYmplY3QiOiJjaGF0LmNvbXBsZXRpb24iLCJjcmVhdGVkIjoxNzg2OTkyMDA2LCJtb2RlbCI6InF3ZW4zLThiIiwiY2hvaWNlcyI6W3siaW5kZXgiOjAsIm1lc3NhZ2UiOnsicm9sZSI6ImFzc2lzdGFudCIsImNvbnRlbnQiOiI8dGhpbms+XG5Pa2F5LCB0aGUgdXNlciB3YW50cyBtZSB0byByZXBseSB3aXRoIGV4YWN0bHkgXCJSRVNUT1JFX09LIiwicmVmdXNhbCI6bnVsbCwiYW5ub3RhdGlvbnMiOm51bGwsImF1ZGlvIjpudWxsLCJmdW5jdGlvbl9jYWxsIjpudWxsLCJyZWFzb25pbmciOm51bGx9LCJsb2dwcm9icyI6bnVsbCwiZmluaXNoX3JlYXNvbiI6Imxlbmd0aCIsInN0b3BfcmVhc29uIjpudWxsLCJ0b2tlbl9pZHMiOm51bGwsInJvdXRlZF9leHBlcnRzIjpudWxsfV0sInNlcnZpY2VfdGllciI6bnVsbCwic3lzdGVtX2ZpbmdlcnByaW50IjoidmxsbS0wLjI2LjAtNmY5OGZmN2IiLCJ1c2FnZSI6eyJwcm9tcHRfdG9rZW5zIjoxNCwidG90YWxfdG9rZW5zIjozMCwiY29tcGxldGlvbl90b2tlbnMiOjE2LCJwcm9tcHRfdG9rZW5zX2RldGFpbHMiOm51bGx9LCJwcm9tcHRfbG9ncHJvYnMiOm51bGwsInByb21wdF90b2tlbl9pZHMiOm51bGwsInByb21wdF90ZXh0IjpudWxsLCJrdl90cmFuc2Zlcl9wYXJhbXMiOm51bGwsImVjX3RyYW5zZmVyX3BhcmFtcyI6bnVsbCwibWV0cmljcyI6bnVsbH0=
