table	model	class_or_axis	key	usd	comparator_usd	flag
warm_vs_switch_upper_bound	OpenFold2	preemptible	breakeven_upper_bound=266930.44	0.010529	2810.5	no_decision
warm_vs_switch_upper_bound	OpenFold2	on_demand	breakeven_upper_bound=149065.05	0.018854	2810.5	no_decision
warm_vs_switch_upper_bound	Boltz2	preemptible	breakeven_upper_bound=155259.50	0.018102	2810.5	no_decision
warm_vs_switch_upper_bound	Boltz2	on_demand	breakeven_upper_bound=86703.35	0.032415	2810.5	no_decision
complete_dedicated_totals	OpenFold2	pinned_dedicated	D=1000,offer=preemptible,reuse=None,R=1,nodes=1	2.132295	2132.29/2132.29	complete
complete_dedicated_totals	OpenFold2	pinned_dedicated	D=10000,offer=preemptible,reuse=None,R=1,nodes=1	0.359658	3596.58/3596.58	complete
complete_dedicated_totals	OpenFold2	pinned_dedicated	D=50000,offer=preemptible,reuse=None,R=1,nodes=1	0.202091	10104.54/10104.54	complete
complete_dedicated_totals	OpenFold2	pinned_dedicated	D=100000,offer=preemptible,reuse=None,R=1,nodes=1	0.182395	18239.48/18239.48	complete
complete_dedicated_totals	OpenFold2	pinned_dedicated	D=500000,offer=preemptible,reuse=None,R=1,nodes=4	0.176055	88027.53/88027.53	complete
complete_dedicated_totals	OpenFold2	pinned_dedicated	D=1000000,offer=preemptible,reuse=None,R=1,nodes=7	0.174085	174085.46/175654.96	complete
complete_dedicated_totals	OpenFold2	pinned_dedicated	D=1000,offer=preemptible,reuse=None,R=10,nodes=1	1.985866	1985.87/1985.87	complete
complete_dedicated_totals	OpenFold2	pinned_dedicated	D=10000,offer=preemptible,reuse=None,R=10,nodes=1	0.213229	2132.29/2132.29	complete
complete_dedicated_totals	OpenFold2	pinned_dedicated	D=50000,offer=preemptible,reuse=None,R=10,nodes=1	0.055662	2783.09/2783.09	complete
complete_dedicated_totals	OpenFold2	pinned_dedicated	D=100000,offer=preemptible,reuse=None,R=10,nodes=1	0.035966	3596.58/3596.58	complete
complete_dedicated_totals	OpenFold2	pinned_dedicated	D=500000,offer=preemptible,reuse=None,R=10,nodes=4	0.029626	14813.04/14813.04	complete
complete_dedicated_totals	OpenFold2	pinned_dedicated	D=1000000,offer=preemptible,reuse=None,R=10,nodes=7	0.027656	27656.48/29225.98	complete
complete_dedicated_totals	OpenFold2	pinned_dedicated	D=1000,offer=preemptible,reuse=None,R=100,nodes=1	1.971223	1971.22/1971.22	complete
complete_dedicated_totals	OpenFold2	pinned_dedicated	D=10000,offer=preemptible,reuse=None,R=100,nodes=1	0.198587	1985.87/1985.87	complete
complete_dedicated_totals	OpenFold2	pinned_dedicated	D=50000,offer=preemptible,reuse=None,R=100,nodes=1	0.041019	2050.95/2050.95	complete
complete_dedicated_totals	OpenFold2	pinned_dedicated	D=100000,offer=preemptible,reuse=None,R=100,nodes=1	0.021323	2132.29/2132.29	complete
complete_dedicated_totals	OpenFold2	pinned_dedicated	D=500000,offer=preemptible,reuse=None,R=100,nodes=4	0.014983	7491.59/7491.59	complete
complete_dedicated_totals	OpenFold2	pinned_dedicated	D=1000000,offer=preemptible,reuse=None,R=100,nodes=7	0.013014	13013.58/14583.08	complete
complete_dedicated_totals	OpenFold2	pinned_dedicated	D=1000,offer=preemptible,reuse=None,R=1000,nodes=1	1.969759	1969.76/1969.76	complete
complete_dedicated_totals	OpenFold2	pinned_dedicated	D=10000,offer=preemptible,reuse=None,R=1000,nodes=1	0.197122	1971.22/1971.22	complete
complete_dedicated_totals	OpenFold2	pinned_dedicated	D=50000,offer=preemptible,reuse=None,R=1000,nodes=1	0.039555	1977.73/1977.73	complete
complete_dedicated_totals	OpenFold2	pinned_dedicated	D=100000,offer=preemptible,reuse=None,R=1000,nodes=1	0.019859	1985.87/1985.87	complete
complete_dedicated_totals	OpenFold2	pinned_dedicated	D=500000,offer=preemptible,reuse=None,R=1000,nodes=4	0.013519	6759.45/6759.45	complete
complete_dedicated_totals	OpenFold2	pinned_dedicated	D=1000000,offer=preemptible,reuse=None,R=1000,nodes=7	0.011549	11549.29/13118.79	complete
complete_dedicated_totals	OpenFold2	pinned_dedicated	D=1000,offer=on_demand,reuse=None,R=1,nodes=1	3.501940	3501.94/3501.94	complete
complete_dedicated_totals	OpenFold2	pinned_dedicated	D=10000,offer=on_demand,reuse=None,R=1,nodes=1	0.612404	6124.04/6124.04	complete
complete_dedicated_totals	OpenFold2	pinned_dedicated	D=50000,offer=on_demand,reuse=None,R=1,nodes=1	0.355556	17777.82/17777.82	complete
complete_dedicated_totals	OpenFold2	pinned_dedicated	D=100000,offer=on_demand,reuse=None,R=1,nodes=1	0.323450	32345.04/32345.04	complete
complete_dedicated_totals	OpenFold2	pinned_dedicated	D=500000,offer=on_demand,reuse=None,R=1,nodes=4	0.314629	157314.33/157314.33	complete
complete_dedicated_totals	OpenFold2	pinned_dedicated	D=1000000,offer=on_demand,reuse=None,R=1,nodes=7	0.311418	311418.07/314228.57	complete
complete_dedicated_totals	OpenFold2	pinned_dedicated	D=1000,offer=on_demand,reuse=None,R=10,nodes=1	3.239730	3239.73/3239.73	complete
complete_dedicated_totals	OpenFold2	pinned_dedicated	D=10000,offer=on_demand,reuse=None,R=10,nodes=1	0.350194	3501.94/3501.94	complete
complete_dedicated_totals	OpenFold2	pinned_dedicated	D=50000,offer=on_demand,reuse=None,R=10,nodes=1	0.093346	4667.32/4667.32	complete
complete_dedicated_totals	OpenFold2	pinned_dedicated	D=100000,offer=on_demand,reuse=None,R=10,nodes=1	0.061240	6124.04/6124.04	complete
complete_dedicated_totals	OpenFold2	pinned_dedicated	D=500000,offer=on_demand,reuse=None,R=10,nodes=4	0.052419	26209.32/26209.32	complete
complete_dedicated_totals	OpenFold2	pinned_dedicated	D=1000000,offer=on_demand,reuse=None,R=10,nodes=7	0.049208	49208.04/52018.54	complete
complete_dedicated_totals	OpenFold2	pinned_dedicated	D=1000,offer=on_demand,reuse=None,R=100,nodes=1	3.213509	3213.51/3213.51	complete
complete_dedicated_totals	OpenFold2	pinned_dedicated	D=10000,offer=on_demand,reuse=None,R=100,nodes=1	0.323973	3239.73/3239.73	complete
complete_dedicated_totals	OpenFold2	pinned_dedicated	D=50000,offer=on_demand,reuse=None,R=100,nodes=1	0.067125	3356.27/3356.27	complete
complete_dedicated_totals	OpenFold2	pinned_dedicated	D=100000,offer=on_demand,reuse=None,R=100,nodes=1	0.035019	3501.94/3501.94	complete
complete_dedicated_totals	OpenFold2	pinned_dedicated	D=500000,offer=on_demand,reuse=None,R=100,nodes=4	0.026198	13098.82/13098.82	complete
complete_dedicated_totals	OpenFold2	pinned_dedicated	D=1000000,offer=on_demand,reuse=None,R=100,nodes=7	0.022987	22987.04/25797.54	complete
complete_dedicated_totals	OpenFold2	pinned_dedicated	D=1000,offer=on_demand,reuse=None,R=1000,nodes=1	3.210887	3210.89/3210.89	complete
complete_dedicated_totals	OpenFold2	pinned_dedicated	D=10000,offer=on_demand,reuse=None,R=1000,nodes=1	0.321351	3213.51/3213.51	complete
complete_dedicated_totals	OpenFold2	pinned_dedicated	D=50000,offer=on_demand,reuse=None,R=1000,nodes=1	0.064503	3225.16/3225.16	complete
complete_dedicated_totals	OpenFold2	pinned_dedicated	D=100000,offer=on_demand,reuse=None,R=1000,nodes=1	0.032397	3239.73/3239.73	complete
complete_dedicated_totals	OpenFold2	pinned_dedicated	D=500000,offer=on_demand,reuse=None,R=1000,nodes=4	0.023576	11787.77/11787.77	complete
complete_dedicated_totals	OpenFold2	pinned_dedicated	D=1000000,offer=on_demand,reuse=None,R=1000,nodes=7	0.020365	20364.94/23175.44	complete
incomplete_marginal_lower_bound	OpenFold2	prepared_switch	D=1000,offer=preemptible,reuse=None,R=1	0.573128	573.13/574.95	incomplete_lower_bound_no_decision
incomplete_marginal_lower_bound	OpenFold2	prepared_switch	D=10000,offer=preemptible,reuse=None,R=1	0.213042	2130.42/2148.65	incomplete_lower_bound_no_decision
incomplete_marginal_lower_bound	OpenFold2	prepared_switch	D=50000,offer=preemptible,reuse=None,R=1	0.181034	9051.71/9142.89	incomplete_lower_bound_no_decision
incomplete_marginal_lower_bound	OpenFold2	prepared_switch	D=100000,offer=preemptible,reuse=None,R=1	0.177033	17703.33/17885.68	incomplete_lower_bound_no_decision
incomplete_marginal_lower_bound	OpenFold2	prepared_switch	D=500000,offer=preemptible,reuse=None,R=1	0.173833	86916.26/87828.03	incomplete_lower_bound_no_decision
incomplete_marginal_lower_bound	OpenFold2	prepared_switch	D=1000000,offer=preemptible,reuse=None,R=1	0.173432	173432.42/175255.97	incomplete_lower_bound_no_decision
incomplete_marginal_lower_bound	OpenFold2	prepared_switch	D=1000,offer=preemptible,reuse=None,R=10	0.426699	426.70/428.52	incomplete_lower_bound_no_decision
incomplete_marginal_lower_bound	OpenFold2	prepared_switch	D=10000,offer=preemptible,reuse=None,R=10	0.066613	666.13/684.36	incomplete_lower_bound_no_decision
incomplete_marginal_lower_bound	OpenFold2	prepared_switch	D=50000,offer=preemptible,reuse=None,R=10	0.034605	1730.26/1821.44	incomplete_lower_bound_no_decision
incomplete_marginal_lower_bound	OpenFold2	prepared_switch	D=100000,offer=preemptible,reuse=None,R=10	0.030604	3060.43/3242.79	incomplete_lower_bound_no_decision
incomplete_marginal_lower_bound	OpenFold2	prepared_switch	D=500000,offer=preemptible,reuse=None,R=10	0.027404	13701.77/14613.55	incomplete_lower_bound_no_decision
incomplete_marginal_lower_bound	OpenFold2	prepared_switch	D=1000000,offer=preemptible,reuse=None,R=10	0.027003	27003.44/28827.00	incomplete_lower_bound_no_decision
incomplete_marginal_lower_bound	OpenFold2	prepared_switch	D=1000,offer=preemptible,reuse=None,R=100	0.412056	412.06/413.88	incomplete_lower_bound_no_decision
incomplete_marginal_lower_bound	OpenFold2	prepared_switch	D=10000,offer=preemptible,reuse=None,R=100	0.051970	519.70/537.94	incomplete_lower_bound_no_decision
incomplete_marginal_lower_bound	OpenFold2	prepared_switch	D=50000,offer=preemptible,reuse=None,R=100	0.019962	998.12/1089.30	incomplete_lower_bound_no_decision
incomplete_marginal_lower_bound	OpenFold2	prepared_switch	D=100000,offer=preemptible,reuse=None,R=100	0.015961	1596.14/1778.50	incomplete_lower_bound_no_decision
incomplete_marginal_lower_bound	OpenFold2	prepared_switch	D=500000,offer=preemptible,reuse=None,R=100	0.012761	6380.32/7292.10	incomplete_lower_bound_no_decision
incomplete_marginal_lower_bound	OpenFold2	prepared_switch	D=1000000,offer=preemptible,reuse=None,R=100	0.012361	12360.55/14184.10	incomplete_lower_bound_no_decision
incomplete_marginal_lower_bound	OpenFold2	prepared_switch	D=1000,offer=preemptible,reuse=None,R=1000	0.410592	410.59/412.42	incomplete_lower_bound_no_decision
incomplete_marginal_lower_bound	OpenFold2	prepared_switch	D=10000,offer=preemptible,reuse=None,R=1000	0.050506	505.06/523.29	incomplete_lower_bound_no_decision
incomplete_marginal_lower_bound	OpenFold2	prepared_switch	D=50000,offer=preemptible,reuse=None,R=1000	0.018498	924.90/1016.08	incomplete_lower_bound_no_decision
incomplete_marginal_lower_bound	OpenFold2	prepared_switch	D=100000,offer=preemptible,reuse=None,R=1000	0.014497	1449.71/1632.07	incomplete_lower_bound_no_decision
incomplete_marginal_lower_bound	OpenFold2	prepared_switch	D=500000,offer=preemptible,reuse=None,R=1000	0.011296	5648.18/6559.95	incomplete_lower_bound_no_decision
incomplete_marginal_lower_bound	OpenFold2	prepared_switch	D=1000000,offer=preemptible,reuse=None,R=1000	0.010896	10896.26/12719.81	incomplete_lower_bound_no_decision
incomplete_marginal_lower_bound	OpenFold2	prepared_switch	D=1000,offer=on_demand,reuse=None,R=1	0.709944	709.94/713.21	incomplete_lower_bound_no_decision
incomplete_marginal_lower_bound	OpenFold2	prepared_switch	D=10000,offer=on_demand,reuse=None,R=1	0.349858	3498.58/3531.24	incomplete_lower_bound_no_decision
incomplete_marginal_lower_bound	OpenFold2	prepared_switch	D=50000,offer=on_demand,reuse=None,R=1	0.317850	15892.52/16055.80	incomplete_lower_bound_no_decision
incomplete_marginal_lower_bound	OpenFold2	prepared_switch	D=100000,offer=on_demand,reuse=None,R=1	0.313850	31384.95/31711.50	incomplete_lower_bound_no_decision
incomplete_marginal_lower_bound	OpenFold2	prepared_switch	D=500000,offer=on_demand,reuse=None,R=1	0.310649	155324.38/156957.10	incomplete_lower_bound_no_decision
incomplete_marginal_lower_bound	OpenFold2	prepared_switch	D=1000000,offer=on_demand,reuse=None,R=1	0.310249	310248.67/313514.10	incomplete_lower_bound_no_decision
incomplete_marginal_lower_bound	OpenFold2	prepared_switch	D=1000,offer=on_demand,reuse=None,R=10	0.447734	447.73/451.00	incomplete_lower_bound_no_decision
incomplete_marginal_lower_bound	OpenFold2	prepared_switch	D=10000,offer=on_demand,reuse=None,R=10	0.087648	876.48/909.14	incomplete_lower_bound_no_decision
incomplete_marginal_lower_bound	OpenFold2	prepared_switch	D=50000,offer=on_demand,reuse=None,R=10	0.055640	2782.02/2945.30	incomplete_lower_bound_no_decision
incomplete_marginal_lower_bound	OpenFold2	prepared_switch	D=100000,offer=on_demand,reuse=None,R=10	0.051640	5163.95/5490.49	incomplete_lower_bound_no_decision
incomplete_marginal_lower_bound	OpenFold2	prepared_switch	D=500000,offer=on_demand,reuse=None,R=10	0.048439	24219.37/25852.09	incomplete_lower_bound_no_decision
incomplete_marginal_lower_bound	OpenFold2	prepared_switch	D=1000000,offer=on_demand,reuse=None,R=10	0.048039	48038.65/51304.08	incomplete_lower_bound_no_decision
incomplete_marginal_lower_bound	OpenFold2	prepared_switch	D=1000,offer=on_demand,reuse=None,R=100	0.421513	421.51/424.78	incomplete_lower_bound_no_decision
incomplete_marginal_lower_bound	OpenFold2	prepared_switch	D=10000,offer=on_demand,reuse=None,R=100	0.061427	614.27/646.93	incomplete_lower_bound_no_decision
incomplete_marginal_lower_bound	OpenFold2	prepared_switch	D=50000,offer=on_demand,reuse=None,R=100	0.029419	1470.97/1634.24	incomplete_lower_bound_no_decision
incomplete_marginal_lower_bound	OpenFold2	prepared_switch	D=100000,offer=on_demand,reuse=None,R=100	0.025419	2541.85/2868.39	incomplete_lower_bound_no_decision
incomplete_marginal_lower_bound	OpenFold2	prepared_switch	D=500000,offer=on_demand,reuse=None,R=100	0.022218	11108.87/12741.59	incomplete_lower_bound_no_decision
incomplete_marginal_lower_bound	OpenFold2	prepared_switch	D=1000000,offer=on_demand,reuse=None,R=100	0.021818	21817.65/25083.08	incomplete_lower_bound_no_decision
incomplete_marginal_lower_bound	OpenFold2	prepared_switch	D=1000,offer=on_demand,reuse=None,R=1000	0.418891	418.89/422.16	incomplete_lower_bound_no_decision
incomplete_marginal_lower_bound	OpenFold2	prepared_switch	D=10000,offer=on_demand,reuse=None,R=1000	0.058805	588.05/620.70	incomplete_lower_bound_no_decision
incomplete_marginal_lower_bound	OpenFold2	prepared_switch	D=50000,offer=on_demand,reuse=None,R=1000	0.026797	1339.87/1503.14	incomplete_lower_bound_no_decision
incomplete_marginal_lower_bound	OpenFold2	prepared_switch	D=100000,offer=on_demand,reuse=None,R=1000	0.022796	2279.64/2606.18	incomplete_lower_bound_no_decision
incomplete_marginal_lower_bound	OpenFold2	prepared_switch	D=500000,offer=on_demand,reuse=None,R=1000	0.019596	9797.82/11430.54	incomplete_lower_bound_no_decision
incomplete_marginal_lower_bound	OpenFold2	prepared_switch	D=1000000,offer=on_demand,reuse=None,R=1000	0.019196	19195.55/22460.98	incomplete_lower_bound_no_decision
incomplete_dedicated_lower_bound	Boltz2	pinned_dedicated	D=1000,offer=preemptible,reuse=None,R=None,nodes=1	1.969596	1969.60/1969.60	incomplete_lower_bound_no_decision
incomplete_dedicated_lower_bound	Boltz2	pinned_dedicated	D=10000,offer=preemptible,reuse=None,R=None,nodes=1	0.196960	1969.60/1969.60	incomplete_lower_bound_no_decision
incomplete_dedicated_lower_bound	Boltz2	pinned_dedicated	D=50000,offer=preemptible,reuse=None,R=None,nodes=1	0.039392	1969.60/1969.60	incomplete_lower_bound_no_decision
incomplete_dedicated_lower_bound	Boltz2	pinned_dedicated	D=100000,offer=preemptible,reuse=None,R=None,nodes=2	0.035391	3539.10/3539.10	incomplete_lower_bound_no_decision
incomplete_dedicated_lower_bound	Boltz2	pinned_dedicated	D=500000,offer=preemptible,reuse=None,R=None,nodes=6	0.019634	9817.10/11386.60	incomplete_lower_bound_no_decision
incomplete_dedicated_lower_bound	Boltz2	pinned_dedicated	D=1000000,offer=preemptible,reuse=None,R=None,nodes=11	0.017665	17664.60/20803.60	incomplete_lower_bound_no_decision
incomplete_dedicated_lower_bound	Boltz2	pinned_dedicated	D=1000,offer=on_demand,reuse=None,R=None,nodes=1	3.210596	3210.60/3210.60	incomplete_lower_bound_no_decision
incomplete_dedicated_lower_bound	Boltz2	pinned_dedicated	D=10000,offer=on_demand,reuse=None,R=None,nodes=1	0.321060	3210.60/3210.60	incomplete_lower_bound_no_decision
incomplete_dedicated_lower_bound	Boltz2	pinned_dedicated	D=50000,offer=on_demand,reuse=None,R=None,nodes=1	0.064212	3210.60/3210.60	incomplete_lower_bound_no_decision
incomplete_dedicated_lower_bound	Boltz2	pinned_dedicated	D=100000,offer=on_demand,reuse=None,R=None,nodes=2	0.060211	6021.10/6021.10	incomplete_lower_bound_no_decision
incomplete_dedicated_lower_bound	Boltz2	pinned_dedicated	D=500000,offer=on_demand,reuse=None,R=None,nodes=6	0.034526	17263.10/20073.60	incomplete_lower_bound_no_decision
incomplete_dedicated_lower_bound	Boltz2	pinned_dedicated	D=1000000,offer=on_demand,reuse=None,R=None,nodes=11	0.031316	31315.60/36936.60	incomplete_lower_bound_no_decision
incomplete_marginal_lower_bound	Boltz2	prepared_switch	D=1000,offer=preemptible,reuse=None,R=None	0.417351	417.35/420.40	incomplete_lower_bound_no_decision
incomplete_marginal_lower_bound	Boltz2	prepared_switch	D=10000,offer=preemptible,reuse=None,R=None	0.057265	572.65/603.10	incomplete_lower_bound_no_decision
incomplete_marginal_lower_bound	Boltz2	prepared_switch	D=50000,offer=preemptible,reuse=None,R=None	0.025257	1262.85/1415.10	incomplete_lower_bound_no_decision
incomplete_marginal_lower_bound	Boltz2	prepared_switch	D=100000,offer=preemptible,reuse=None,R=None	0.021256	2125.60/2430.11	incomplete_lower_bound_no_decision
incomplete_marginal_lower_bound	Boltz2	prepared_switch	D=500000,offer=preemptible,reuse=None,R=None	0.018055	9027.64/10550.15	incomplete_lower_bound_no_decision
incomplete_marginal_lower_bound	Boltz2	prepared_switch	D=1000000,offer=preemptible,reuse=None,R=None	0.017655	17655.18/20700.20	incomplete_lower_bound_no_decision
incomplete_marginal_lower_bound	Boltz2	prepared_switch	D=1000,offer=on_demand,reuse=None,R=None	0.430995	430.99/436.45	incomplete_lower_bound_no_decision
incomplete_marginal_lower_bound	Boltz2	prepared_switch	D=10000,offer=on_demand,reuse=None,R=None	0.070908	709.08/763.61	incomplete_lower_bound_no_decision
incomplete_marginal_lower_bound	Boltz2	prepared_switch	D=50000,offer=on_demand,reuse=None,R=None	0.038901	1945.03/2217.66	incomplete_lower_bound_no_decision
incomplete_marginal_lower_bound	Boltz2	prepared_switch	D=100000,offer=on_demand,reuse=None,R=None	0.034900	3489.96/4035.23	incomplete_lower_bound_no_decision
incomplete_marginal_lower_bound	Boltz2	prepared_switch	D=500000,offer=on_demand,reuse=None,R=None	0.031699	15849.42/18575.77	incomplete_lower_bound_no_decision
incomplete_marginal_lower_bound	Boltz2	prepared_switch	D=1000000,offer=on_demand,reuse=None,R=None	0.031299	31298.74/36751.44	incomplete_lower_bound_no_decision
incomplete_marginal_lower_bound	Boltz2	cold_switch	D=1000,offer=preemptible,reuse=1,R=None	0.669889	669.89/717.50	incomplete_lower_bound_no_decision
incomplete_relocation_addon_lower_bound	Boltz2	cold_switch	D=1000,offer=preemptible,reuse=1,R=None	1.083147/1.130758	0.669889/0.717500	unmeasured_scenario_no_decision
incomplete_marginal_lower_bound	Boltz2	cold_switch	D=10000,offer=preemptible,reuse=1,R=None	0.309803	3098.03/3574.13	incomplete_lower_bound_no_decision
incomplete_relocation_addon_lower_bound	Boltz2	cold_switch	D=10000,offer=preemptible,reuse=1,R=None	0.723061/0.770672	0.309803/0.357413	unmeasured_scenario_no_decision
incomplete_marginal_lower_bound	Boltz2	cold_switch	D=50000,offer=preemptible,reuse=1,R=None	0.277795	13889.76/16270.29	incomplete_lower_bound_no_decision
incomplete_relocation_addon_lower_bound	Boltz2	cold_switch	D=50000,offer=preemptible,reuse=1,R=None	0.691053/0.738664	0.277795/0.325406	unmeasured_scenario_no_decision
incomplete_marginal_lower_bound	Boltz2	cold_switch	D=100000,offer=preemptible,reuse=1,R=None	0.273794	27379.42/32140.48	incomplete_lower_bound_no_decision
incomplete_relocation_addon_lower_bound	Boltz2	cold_switch	D=100000,offer=preemptible,reuse=1,R=None	0.687052/0.734663	0.273794/0.321405	unmeasured_scenario_no_decision
incomplete_marginal_lower_bound	Boltz2	cold_switch	D=500000,offer=preemptible,reuse=1,R=None	0.270593	135296.72/159102.00	incomplete_lower_bound_no_decision
incomplete_relocation_addon_lower_bound	Boltz2	cold_switch	D=500000,offer=preemptible,reuse=1,R=None	0.683852/0.731462	0.270593/0.318204	unmeasured_scenario_no_decision
incomplete_marginal_lower_bound	Boltz2	cold_switch	D=1000000,offer=preemptible,reuse=1,R=None	0.270193	270193.34/317803.91	incomplete_lower_bound_no_decision
incomplete_relocation_addon_lower_bound	Boltz2	cold_switch	D=1000000,offer=preemptible,reuse=1,R=None	0.683451/0.731062	0.270193/0.317804	unmeasured_scenario_no_decision
incomplete_marginal_lower_bound	Boltz2	cold_switch	D=1000,offer=on_demand,reuse=1,R=None	0.883214	883.21/968.47	incomplete_lower_bound_no_decision
incomplete_relocation_addon_lower_bound	Boltz2	cold_switch	D=1000,offer=on_demand,reuse=1,R=None	1.296472/1.381728	0.883214/0.968470	unmeasured_scenario_no_decision
incomplete_marginal_lower_bound	Boltz2	cold_switch	D=10000,offer=on_demand,reuse=1,R=None	0.523128	5231.28/6083.84	incomplete_lower_bound_no_decision
incomplete_relocation_addon_lower_bound	Boltz2	cold_switch	D=10000,offer=on_demand,reuse=1,R=None	0.936386/1.021642	0.523128/0.608384	unmeasured_scenario_no_decision
incomplete_marginal_lower_bound	Boltz2	cold_switch	D=50000,offer=on_demand,reuse=1,R=None	0.491120	24556.00/28818.81	incomplete_lower_bound_no_decision
incomplete_relocation_addon_lower_bound	Boltz2	cold_switch	D=50000,offer=on_demand,reuse=1,R=None	0.904378/0.989634	0.491120/0.576376	unmeasured_scenario_no_decision
incomplete_marginal_lower_bound	Boltz2	cold_switch	D=100000,offer=on_demand,reuse=1,R=None	0.487119	48711.91/57237.52	incomplete_lower_bound_no_decision
incomplete_relocation_addon_lower_bound	Boltz2	cold_switch	D=100000,offer=on_demand,reuse=1,R=None	0.900377/0.985633	0.487119/0.572375	unmeasured_scenario_no_decision
incomplete_marginal_lower_bound	Boltz2	cold_switch	D=500000,offer=on_demand,reuse=1,R=None	0.483918	241959.16/284587.23	incomplete_lower_bound_no_decision
incomplete_relocation_addon_lower_bound	Boltz2	cold_switch	D=500000,offer=on_demand,reuse=1,R=None	0.897176/0.982433	0.483918/0.569174	unmeasured_scenario_no_decision
incomplete_marginal_lower_bound	Boltz2	cold_switch	D=1000000,offer=on_demand,reuse=1,R=None	0.483518	483518.23/568774.37	incomplete_lower_bound_no_decision
incomplete_relocation_addon_lower_bound	Boltz2	cold_switch	D=1000000,offer=on_demand,reuse=1,R=None	0.896776/0.982032	0.483518/0.568774	unmeasured_scenario_no_decision
incomplete_marginal_lower_bound	Boltz2	cold_switch	D=1000,offer=preemptible,reuse=2,R=None	0.543620	543.62/568.95	incomplete_lower_bound_no_decision
incomplete_relocation_addon_lower_bound	Boltz2	cold_switch	D=1000,offer=preemptible,reuse=2,R=None	0.750249/0.775577	0.543620/0.568948	unmeasured_scenario_no_decision
incomplete_marginal_lower_bound	Boltz2	cold_switch	D=10000,offer=preemptible,reuse=2,R=None	0.183534	1835.34/2088.62	incomplete_lower_bound_no_decision
incomplete_relocation_addon_lower_bound	Boltz2	cold_switch	D=10000,offer=preemptible,reuse=2,R=None	0.390163/0.415491	0.183534/0.208862	unmeasured_scenario_no_decision
incomplete_marginal_lower_bound	Boltz2	cold_switch	D=50000,offer=preemptible,reuse=2,R=None	0.151526	7576.30/8842.69	incomplete_lower_bound_no_decision
incomplete_relocation_addon_lower_bound	Boltz2	cold_switch	D=50000,offer=preemptible,reuse=2,R=None	0.358155/0.383483	0.151526/0.176854	unmeasured_scenario_no_decision
incomplete_marginal_lower_bound	Boltz2	cold_switch	D=100000,offer=preemptible,reuse=2,R=None	0.147525	14752.51/17285.29	incomplete_lower_bound_no_decision
incomplete_relocation_addon_lower_bound	Boltz2	cold_switch	D=100000,offer=preemptible,reuse=2,R=None	0.354154/0.379482	0.147525/0.172853	unmeasured_scenario_no_decision
incomplete_marginal_lower_bound	Boltz2	cold_switch	D=500000,offer=preemptible,reuse=2,R=None	0.144324	72162.18/84826.07	incomplete_lower_bound_no_decision
incomplete_relocation_addon_lower_bound	Boltz2	cold_switch	D=500000,offer=preemptible,reuse=2,R=None	0.350953/0.376281	0.144324/0.169652	unmeasured_scenario_no_decision
incomplete_marginal_lower_bound	Boltz2	cold_switch	D=1000000,offer=preemptible,reuse=2,R=None	0.143924	143924.26/169252.05	incomplete_lower_bound_no_decision
incomplete_relocation_addon_lower_bound	Boltz2	cold_switch	D=1000000,offer=preemptible,reuse=2,R=None	0.350553/0.375881	0.143924/0.169252	unmeasured_scenario_no_decision
incomplete_marginal_lower_bound	Boltz2	cold_switch	D=1000,offer=on_demand,reuse=2,R=None	0.657104	657.10/702.46	incomplete_lower_bound_no_decision
incomplete_relocation_addon_lower_bound	Boltz2	cold_switch	D=1000,offer=on_demand,reuse=2,R=None	0.863733/0.909088	0.657104/0.702459	unmeasured_scenario_no_decision
incomplete_marginal_lower_bound	Boltz2	cold_switch	D=10000,offer=on_demand,reuse=2,R=None	0.297018	2970.18/3423.72	incomplete_lower_bound_no_decision
incomplete_relocation_addon_lower_bound	Boltz2	cold_switch	D=10000,offer=on_demand,reuse=2,R=None	0.503647/0.549001	0.297018/0.342372	unmeasured_scenario_no_decision
incomplete_marginal_lower_bound	Boltz2	cold_switch	D=50000,offer=on_demand,reuse=2,R=None	0.265010	13250.52/15518.24	incomplete_lower_bound_no_decision
incomplete_relocation_addon_lower_bound	Boltz2	cold_switch	D=50000,offer=on_demand,reuse=2,R=None	0.471639/0.516994	0.265010/0.310365	unmeasured_scenario_no_decision
incomplete_marginal_lower_bound	Boltz2	cold_switch	D=100000,offer=on_demand,reuse=2,R=None	0.261009	26100.93/30636.38	incomplete_lower_bound_no_decision
incomplete_relocation_addon_lower_bound	Boltz2	cold_switch	D=100000,offer=on_demand,reuse=2,R=None	0.467638/0.512993	0.261009/0.306364	unmeasured_scenario_no_decision
incomplete_marginal_lower_bound	Boltz2	cold_switch	D=500000,offer=on_demand,reuse=2,R=None	0.257809	128904.29/151581.50	incomplete_lower_bound_no_decision
incomplete_relocation_addon_lower_bound	Boltz2	cold_switch	D=500000,offer=on_demand,reuse=2,R=None	0.464438/0.509792	0.257809/0.303163	unmeasured_scenario_no_decision
incomplete_marginal_lower_bound	Boltz2	cold_switch	D=1000000,offer=on_demand,reuse=2,R=None	0.257408	257408.48/302762.90	incomplete_lower_bound_no_decision
incomplete_relocation_addon_lower_bound	Boltz2	cold_switch	D=1000000,offer=on_demand,reuse=2,R=None	0.464038/0.509392	0.257408/0.302763	unmeasured_scenario_no_decision
incomplete_marginal_lower_bound	Boltz2	cold_switch	D=1000,offer=preemptible,reuse=5,R=None	0.467859	467.86/479.82	incomplete_lower_bound_no_decision
incomplete_relocation_addon_lower_bound	Boltz2	cold_switch	D=1000,offer=preemptible,reuse=5,R=None	0.550510/0.562468	0.467859/0.479817	unmeasured_scenario_no_decision
incomplete_marginal_lower_bound	Boltz2	cold_switch	D=10000,offer=preemptible,reuse=5,R=None	0.107772	1077.72/1197.30	incomplete_lower_bound_no_decision
incomplete_relocation_addon_lower_bound	Boltz2	cold_switch	D=10000,offer=preemptible,reuse=5,R=None	0.190424/0.202382	0.107772/0.119730	unmeasured_scenario_no_decision
incomplete_marginal_lower_bound	Boltz2	cold_switch	D=50000,offer=preemptible,reuse=5,R=None	0.075765	3788.23/4386.14	incomplete_lower_bound_no_decision
incomplete_relocation_addon_lower_bound	Boltz2	cold_switch	D=50000,offer=preemptible,reuse=5,R=None	0.158416/0.170374	0.075765/0.087723	unmeasured_scenario_no_decision
incomplete_marginal_lower_bound	Boltz2	cold_switch	D=100000,offer=preemptible,reuse=5,R=None	0.071764	7176.37/8372.18	incomplete_lower_bound_no_decision
incomplete_relocation_addon_lower_bound	Boltz2	cold_switch	D=100000,offer=preemptible,reuse=5,R=None	0.154415/0.166373	0.071764/0.083722	unmeasured_scenario_no_decision
incomplete_marginal_lower_bound	Boltz2	cold_switch	D=500000,offer=preemptible,reuse=5,R=None	0.068563	34281.45/40260.52	incomplete_lower_bound_no_decision
incomplete_relocation_addon_lower_bound	Boltz2	cold_switch	D=500000,offer=preemptible,reuse=5,R=None	0.151215/0.163173	0.068563/0.080521	unmeasured_scenario_no_decision
incomplete_marginal_lower_bound	Boltz2	cold_switch	D=1000000,offer=preemptible,reuse=5,R=None	0.068163	68162.81/80120.94	incomplete_lower_bound_no_decision
incomplete_relocation_addon_lower_bound	Boltz2	cold_switch	D=1000000,offer=preemptible,reuse=5,R=None	0.150814/0.162773	0.068163/0.080121	unmeasured_scenario_no_decision
incomplete_marginal_lower_bound	Boltz2	cold_switch	D=1000,offer=on_demand,reuse=5,R=None	0.521438	521.44/542.85	incomplete_lower_bound_no_decision
incomplete_relocation_addon_lower_bound	Boltz2	cold_switch	D=1000,offer=on_demand,reuse=5,R=None	0.604090/0.625503	0.521438/0.542852	unmeasured_scenario_no_decision
incomplete_marginal_lower_bound	Boltz2	cold_switch	D=10000,offer=on_demand,reuse=5,R=None	0.161352	1613.52/1827.66	incomplete_lower_bound_no_decision
incomplete_relocation_addon_lower_bound	Boltz2	cold_switch	D=10000,offer=on_demand,reuse=5,R=None	0.244004/0.265417	0.161352/0.182766	unmeasured_scenario_no_decision
incomplete_marginal_lower_bound	Boltz2	cold_switch	D=50000,offer=on_demand,reuse=5,R=None	0.129344	6467.22/7537.89	incomplete_lower_bound_no_decision
incomplete_relocation_addon_lower_bound	Boltz2	cold_switch	D=50000,offer=on_demand,reuse=5,R=None	0.211996/0.233409	0.129344/0.150758	unmeasured_scenario_no_decision
incomplete_marginal_lower_bound	Boltz2	cold_switch	D=100000,offer=on_demand,reuse=5,R=None	0.125343	12534.35/14675.69	incomplete_lower_bound_no_decision
incomplete_relocation_addon_lower_bound	Boltz2	cold_switch	D=100000,offer=on_demand,reuse=5,R=None	0.207995/0.229409	0.125343/0.146757	unmeasured_scenario_no_decision
incomplete_marginal_lower_bound	Boltz2	cold_switch	D=500000,offer=on_demand,reuse=5,R=None	0.122143	61071.37/71778.06	incomplete_lower_bound_no_decision
incomplete_relocation_addon_lower_bound	Boltz2	cold_switch	D=500000,offer=on_demand,reuse=5,R=None	0.204794/0.226208	0.122143/0.143556	unmeasured_scenario_no_decision
incomplete_marginal_lower_bound	Boltz2	cold_switch	D=1000000,offer=on_demand,reuse=5,R=None	0.121743	121742.63/143156.02	incomplete_lower_bound_no_decision
incomplete_relocation_addon_lower_bound	Boltz2	cold_switch	D=1000000,offer=on_demand,reuse=5,R=None	0.204394/0.225808	0.121743/0.143156	unmeasured_scenario_no_decision
incomplete_marginal_lower_bound	Boltz2	cold_switch	D=1000,offer=preemptible,reuse=10,R=None	0.442605	442.60/450.11	incomplete_lower_bound_no_decision
incomplete_relocation_addon_lower_bound	Boltz2	cold_switch	D=1000,offer=preemptible,reuse=10,R=None	0.483931/0.491432	0.442605/0.450106	unmeasured_scenario_no_decision
incomplete_marginal_lower_bound	Boltz2	cold_switch	D=10000,offer=preemptible,reuse=10,R=None	0.082518	825.18/900.20	incomplete_lower_bound_no_decision
incomplete_relocation_addon_lower_bound	Boltz2	cold_switch	D=10000,offer=preemptible,reuse=10,R=None	0.123844/0.131346	0.082518/0.090020	unmeasured_scenario_no_decision
incomplete_marginal_lower_bound	Boltz2	cold_switch	D=50000,offer=preemptible,reuse=10,R=None	0.050511	2525.54/2900.62	incomplete_lower_bound_no_decision
incomplete_relocation_addon_lower_bound	Boltz2	cold_switch	D=50000,offer=preemptible,reuse=10,R=None	0.091837/0.099338	0.050511/0.058012	unmeasured_scenario_no_decision
incomplete_marginal_lower_bound	Boltz2	cold_switch	D=100000,offer=preemptible,reuse=10,R=None	0.046510	4650.99/5401.14	incomplete_lower_bound_no_decision
incomplete_relocation_addon_lower_bound	Boltz2	cold_switch	D=100000,offer=preemptible,reuse=10,R=None	0.087836/0.095337	0.046510/0.054011	unmeasured_scenario_no_decision
incomplete_marginal_lower_bound	Boltz2	cold_switch	D=500000,offer=preemptible,reuse=10,R=None	0.043309	21654.55/25405.33	incomplete_lower_bound_no_decision
incomplete_relocation_addon_lower_bound	Boltz2	cold_switch	D=500000,offer=preemptible,reuse=10,R=None	0.084635/0.092136	0.043309/0.050811	unmeasured_scenario_no_decision
incomplete_marginal_lower_bound	Boltz2	cold_switch	D=1000000,offer=preemptible,reuse=10,R=None	0.042909	42909.00/50410.57	incomplete_lower_bound_no_decision
incomplete_relocation_addon_lower_bound	Boltz2	cold_switch	D=1000000,offer=preemptible,reuse=10,R=None	0.084235/0.091736	0.042909/0.050411	unmeasured_scenario_no_decision
incomplete_marginal_lower_bound	Boltz2	cold_switch	D=1000,offer=on_demand,reuse=10,R=None	0.476216	476.22/489.65	incomplete_lower_bound_no_decision
incomplete_relocation_addon_lower_bound	Boltz2	cold_switch	D=1000,offer=on_demand,reuse=10,R=None	0.517542/0.530975	0.476216/0.489650	unmeasured_scenario_no_decision
incomplete_marginal_lower_bound	Boltz2	cold_switch	D=10000,offer=on_demand,reuse=10,R=None	0.116130	1161.30/1295.63	incomplete_lower_bound_no_decision
incomplete_relocation_addon_lower_bound	Boltz2	cold_switch	D=10000,offer=on_demand,reuse=10,R=None	0.157456/0.170889	0.116130/0.129563	unmeasured_scenario_no_decision
incomplete_marginal_lower_bound	Boltz2	cold_switch	D=50000,offer=on_demand,reuse=10,R=None	0.084123	4206.13/4877.78	incomplete_lower_bound_no_decision
incomplete_relocation_addon_lower_bound	Boltz2	cold_switch	D=50000,offer=on_demand,reuse=10,R=None	0.125448/0.138881	0.084123/0.097556	unmeasured_scenario_no_decision
incomplete_marginal_lower_bound	Boltz2	cold_switch	D=100000,offer=on_demand,reuse=10,R=None	0.080122	8012.15/9355.46	incomplete_lower_bound_no_decision
incomplete_relocation_addon_lower_bound	Boltz2	cold_switch	D=100000,offer=on_demand,reuse=10,R=None	0.121447/0.134880	0.080122/0.093555	unmeasured_scenario_no_decision
incomplete_marginal_lower_bound	Boltz2	cold_switch	D=500000,offer=on_demand,reuse=10,R=None	0.076921	38460.39/45176.91	incomplete_lower_bound_no_decision
incomplete_relocation_addon_lower_bound	Boltz2	cold_switch	D=500000,offer=on_demand,reuse=10,R=None	0.118247/0.131680	0.076921/0.090354	unmeasured_scenario_no_decision
incomplete_marginal_lower_bound	Boltz2	cold_switch	D=1000000,offer=on_demand,reuse=10,R=None	0.076521	76520.69/89953.73	incomplete_lower_bound_no_decision
incomplete_relocation_addon_lower_bound	Boltz2	cold_switch	D=1000000,offer=on_demand,reuse=10,R=None	0.117846/0.131280	0.076521/0.089954	unmeasured_scenario_no_decision
incomplete_marginal_lower_bound	Boltz2	cold_switch	D=1000,offer=preemptible,reuse=50,R=None	0.422402	422.40/426.34	incomplete_lower_bound_no_decision
incomplete_relocation_addon_lower_bound	Boltz2	cold_switch	D=1000,offer=preemptible,reuse=50,R=None	0.430667/0.434603	0.422402/0.426338	unmeasured_scenario_no_decision
incomplete_marginal_lower_bound	Boltz2	cold_switch	D=10000,offer=preemptible,reuse=50,R=None	0.062315	623.15/662.52	incomplete_lower_bound_no_decision
incomplete_relocation_addon_lower_bound	Boltz2	cold_switch	D=10000,offer=preemptible,reuse=50,R=None	0.070581/0.074517	0.062315/0.066252	unmeasured_scenario_no_decision
incomplete_marginal_lower_bound	Boltz2	cold_switch	D=50000,offer=preemptible,reuse=50,R=None	0.030308	1515.39/1712.20	incomplete_lower_bound_no_decision
incomplete_relocation_addon_lower_bound	Boltz2	cold_switch	D=50000,offer=preemptible,reuse=50,R=None	0.038573/0.042509	0.030308/0.034244	unmeasured_scenario_no_decision
incomplete_marginal_lower_bound	Boltz2	cold_switch	D=100000,offer=preemptible,reuse=50,R=None	0.026307	2630.68/3024.31	incomplete_lower_bound_no_decision
incomplete_relocation_addon_lower_bound	Boltz2	cold_switch	D=100000,offer=preemptible,reuse=50,R=None	0.034572/0.038508	0.026307/0.030243	unmeasured_scenario_no_decision
incomplete_marginal_lower_bound	Boltz2	cold_switch	D=500000,offer=preemptible,reuse=50,R=None	0.023106	11553.02/13521.18	incomplete_lower_bound_no_decision
incomplete_relocation_addon_lower_bound	Boltz2	cold_switch	D=500000,offer=preemptible,reuse=50,R=None	0.031371/0.035308	0.023106/0.027042	unmeasured_scenario_no_decision
incomplete_marginal_lower_bound	Boltz2	cold_switch	D=1000000,offer=preemptible,reuse=50,R=None	0.022706	22705.94/26642.27	incomplete_lower_bound_no_decision
incomplete_relocation_addon_lower_bound	Boltz2	cold_switch	D=1000000,offer=preemptible,reuse=50,R=None	0.030971/0.034907	0.022706/0.026642	unmeasured_scenario_no_decision
incomplete_marginal_lower_bound	Boltz2	cold_switch	D=1000,offer=on_demand,reuse=50,R=None	0.440039	440.04/447.09	incomplete_lower_bound_no_decision
incomplete_relocation_addon_lower_bound	Boltz2	cold_switch	D=1000,offer=on_demand,reuse=50,R=None	0.448304/0.455353	0.440039/0.447088	unmeasured_scenario_no_decision
incomplete_marginal_lower_bound	Boltz2	cold_switch	D=10000,offer=on_demand,reuse=50,R=None	0.079953	799.53/870.01	incomplete_lower_bound_no_decision
incomplete_relocation_addon_lower_bound	Boltz2	cold_switch	D=10000,offer=on_demand,reuse=50,R=None	0.088218/0.095267	0.079953/0.087001	unmeasured_scenario_no_decision
incomplete_marginal_lower_bound	Boltz2	cold_switch	D=50000,offer=on_demand,reuse=50,R=None	0.047945	2397.25/2749.69	incomplete_lower_bound_no_decision
incomplete_relocation_addon_lower_bound	Boltz2	cold_switch	D=50000,offer=on_demand,reuse=50,R=None	0.056210/0.063259	0.047945/0.054994	unmeasured_scenario_no_decision
incomplete_marginal_lower_bound	Boltz2	cold_switch	D=100000,offer=on_demand,reuse=50,R=None	0.043944	4394.40/5099.28	incomplete_lower_bound_no_decision
incomplete_relocation_addon_lower_bound	Boltz2	cold_switch	D=100000,offer=on_demand,reuse=50,R=None	0.052209/0.059258	0.043944/0.050993	unmeasured_scenario_no_decision
incomplete_marginal_lower_bound	Boltz2	cold_switch	D=500000,offer=on_demand,reuse=50,R=None	0.040743	20371.61/23896.00	incomplete_lower_bound_no_decision
incomplete_relocation_addon_lower_bound	Boltz2	cold_switch	D=500000,offer=on_demand,reuse=50,R=None	0.049008/0.056057	0.040743/0.047792	unmeasured_scenario_no_decision
incomplete_marginal_lower_bound	Boltz2	cold_switch	D=1000000,offer=on_demand,reuse=50,R=None	0.040343	40343.13/47391.90	incomplete_lower_bound_no_decision
incomplete_relocation_addon_lower_bound	Boltz2	cold_switch	D=1000000,offer=on_demand,reuse=50,R=None	0.048608/0.055657	0.040343/0.047392	unmeasured_scenario_no_decision
preemption_sweep	OpenFold2	p=0.00	cheapest=fallback_pre_then_od	0.010529	0.010529	0.018854
preemption_sweep	OpenFold2	p=0.05	cheapest=preemptible_only	0.011083	0.011472	0.018854
preemption_sweep	OpenFold2	p=0.10	cheapest=preemptible_only	0.011699	0.012414	0.018854
preemption_sweep	OpenFold2	p=0.20	cheapest=preemptible_only	0.013161	0.014300	0.018854
preemption_sweep	OpenFold2	p=0.30	cheapest=preemptible_only	0.015041	0.016185	0.018854
preemption_sweep	OpenFold2	p=0.44155844	cheapest=preemptible_only	0.018854	0.018854	0.018854
preemption_sweep	OpenFold2	p=0.60	cheapest=on_demand_only	0.026322	0.021841	0.018854
preemption_sweep	Boltz2	p=0.00	cheapest=fallback_pre_then_od	0.018102	0.018102	0.032415
preemption_sweep	Boltz2	p=0.05	cheapest=preemptible_only	0.019055	0.019723	0.032415
preemption_sweep	Boltz2	p=0.10	cheapest=preemptible_only	0.020113	0.021343	0.032415
preemption_sweep	Boltz2	p=0.20	cheapest=preemptible_only	0.022627	0.024585	0.032415
preemption_sweep	Boltz2	p=0.30	cheapest=preemptible_only	0.025860	0.027826	0.032415
preemption_sweep	Boltz2	p=0.44155844	cheapest=preemptible_only	0.032415	0.032415	0.032415
preemption_sweep	Boltz2	p=0.60	cheapest=on_demand_only	0.045255	0.037551	0.032415
warm_top_k	adversarial	1	p95=146.824425	110.938606	156.245324	placeholder-derived
warm_top_k	adversarial	2	p95=125.071315	112.283289	158.843860	placeholder-derived
warm_top_k	adversarial	4	p95=121.055893	105.116781	150.611528	placeholder-derived
warm_top_k	adversarial	8	p95=126.055837	114.674761	159.985810	placeholder-derived
warm_top_k	adversarial	16	p95=129.698721	117.017255	162.696154	placeholder-derived
warm_top_k	bursty	1	p95=1965.569744	57.982461	86.621275	placeholder-derived
warm_top_k	bursty	2	p95=1762.985044	57.204776	83.954487	placeholder-derived
warm_top_k	bursty	4	p95=1113.25749	52.783959	75.809541	placeholder-derived
warm_top_k	bursty	8	p95=1383.160029	55.930776	80.990019	placeholder-derived
warm_top_k	bursty	16	p95=1335.366954	60.809448	86.617151	placeholder-derived
warm_top_k	correlated	1	p95=125.825261	120.537305	170.665423	placeholder-derived
warm_top_k	correlated	2	p95=160.309117	126.646544	174.766134	placeholder-derived
warm_top_k	correlated	4	p95=144.927424	121.341234	169.115550	placeholder-derived
warm_top_k	correlated	8	p95=149.165312	131.846688	181.255693	placeholder-derived
warm_top_k	correlated	16	p95=149.521733	142.879220	191.073509	placeholder-derived
warm_top_k	uniform	1	p95=147.110295	114.157838	159.394402	placeholder-derived
warm_top_k	uniform	2	p95=160.309117	127.169211	174.661989	placeholder-derived
warm_top_k	uniform	4	p95=147.740893	125.533148	172.914848	placeholder-derived
warm_top_k	uniform	8	p95=147.154489	115.860234	161.337916	placeholder-derived
warm_top_k	uniform	16	p95=151.94445	134.351629	180.015115	placeholder-derived
warm_top_k	zipf	1	p95=101.33618	99.073079	142.747039	placeholder-derived
warm_top_k	zipf	2	p95=118.96275	100.142232	143.979753	placeholder-derived
warm_top_k	zipf	4	p95=109.125978	98.571840	142.562771	placeholder-derived
warm_top_k	zipf	8	p95=107.822938	99.164240	143.096414	placeholder-derived
warm_top_k	zipf	16	p95=102.557568	102.931098	146.829332	placeholder-derived
l1_capacity_gib	adversarial	150	p95=258.665133	215.786879	261.849509	placeholder-derived
l1_capacity_gib	adversarial	200	p95=206.488442	162.689752	207.581146	placeholder-derived
l1_capacity_gib	adversarial	400	p95=127.676381	116.939849	161.843550	placeholder-derived
l1_capacity_gib	adversarial	800	p95=129.103587	112.656461	157.718536	placeholder-derived
l1_capacity_gib	adversarial	1600	p95=129.103587	112.656461	157.718536	placeholder-derived
l1_capacity_gib	bursty	150	p95=5467.76214	99.542242	140.160053	placeholder-derived
l1_capacity_gib	bursty	200	p95=4267.34279	87.802483	123.943169	placeholder-derived
l1_capacity_gib	bursty	400	p95=3748.099011	71.247793	105.647003	placeholder-derived
l1_capacity_gib	bursty	800	p95=3674.405856	69.606634	103.617940	placeholder-derived
l1_capacity_gib	bursty	1600	p95=3674.405856	69.606634	103.617940	placeholder-derived
l1_capacity_gib	correlated	150	p95=364.743994	226.680724	277.130072	placeholder-derived
l1_capacity_gib	correlated	200	p95=250.181902	185.770680	235.402975	placeholder-derived
l1_capacity_gib	correlated	400	p95=149.165312	124.817554	174.399558	placeholder-derived
l1_capacity_gib	correlated	800	p95=143.455942	116.368579	164.479175	placeholder-derived
l1_capacity_gib	correlated	1600	p95=143.455942	116.368579	164.479175	placeholder-derived
l1_capacity_gib	uniform	150	p95=360.997624	208.265436	255.876515	placeholder-derived
l1_capacity_gib	uniform	200	p95=216.440006	165.767945	213.378993	placeholder-derived
l1_capacity_gib	uniform	400	p95=147.840545	123.006223	171.587130	placeholder-derived
l1_capacity_gib	uniform	800	p95=147.642425	114.558034	163.085862	placeholder-derived
l1_capacity_gib	uniform	1600	p95=150.189021	114.439083	162.751595	placeholder-derived
l1_capacity_gib	zipf	150	p95=148.172663	126.354868	170.124892	placeholder-derived
l1_capacity_gib	zipf	200	p95=144.061025	117.107970	160.764515	placeholder-derived
l1_capacity_gib	zipf	400	p95=149.972938	106.503994	151.139922	placeholder-derived
l1_capacity_gib	zipf	800	p95=103.340251	99.103831	142.837319	placeholder-derived
l1_capacity_gib	zipf	1600	p95=103.340251	99.051716	142.785205	placeholder-derived
warm_pool_monthly	-	k=1	-	3210.60	-	-
warm_pool_monthly	-	k=2	-	6021.10	-	-
warm_pool_monthly	-	k=4	-	11642.10	-	-
warm_pool_monthly	-	k=8	-	22884.10	-	-
warm_pool_monthly	-	k=16	-	45368.10	-	-
