id	name	source	fleet_status	snapshot_class	decision_rule	confidence	storage_bound	blockers	promotion_gates	fallback_path	fallback_admission	canary_ids
documented:llama-2-7b-chat-hf@unversioned	Llama 2 7B Chat	documented-candidates	excluded-hypothetical	unresolved	R03-hypothetical	high	false	access-gate:hf-license-acceptance-required;referenced-only	G-DIGEST;G-TOPOLOGY;G-CORRUPT;G-SEMEQ;G-ROLLBACK	conventional-pull-and-load	excluded	
documented:llama-2-7b-hf@unversioned	Llama 2 7B (base)	documented-candidates	excluded-hypothetical	unresolved	R03-hypothetical	high	false	access-gate:hf-license-acceptance-required;referenced-only	G-DIGEST;G-TOPOLOGY;G-CORRUPT;G-SEMEQ;G-ROLLBACK	conventional-pull-and-load	excluded	
faststart:boltz2@sha256:0788c95c8b5b6c1a73a62c656b298ecc353a8187dc22b794f496ae40672c4c98	Boltz2 NIM	faststart-v2-lanes	active	direct-snapshot-safe	R01-lane-evidence	high	true		G-DIGEST;G-TOPOLOGY;G-CORRUPT;G-SEMEQ;G-ROLLBACK;G-STORAGE	conventional-pull-and-load	measurement-required	canary-direct-storage-heavy
faststart:diffdock@sha256:300696eb8331d78face40f84d835cc1e278c7d3c391c5aabbbee5884366da480	DiffDock NIM	faststart-v2-lanes	active	direct-snapshot-safe	R01-lane-evidence	high	false		G-DIGEST;G-TOPOLOGY;G-CORRUPT;G-SEMEQ;G-ROLLBACK	conventional-pull-and-load	measurement-required	
faststart:evo2-40b@sha256:561886bab1d2d0da836ebf5bec403f9de2baf6e92deb7eedf1b316aa994b5dd2	Evo2-40B NIM	faststart-v2-lanes	active	unresolved	R01-lane-evidence	high	true	access-gate:hardware-h200-release-required;hardware-gate-h200;production-capture-missing;state-audit-pending	G-DIGEST;G-TOPOLOGY;G-CORRUPT;G-SEMEQ;G-ROLLBACK;G-STORAGE	conventional-pull-and-load	measurement-required	
faststart:genmol@sha256:139b909a450fe1fb81198214784a15f67e172e766a93a1569827ba5aa05b4541	GenMol NIM	faststart-v2-lanes	active	direct-snapshot-safe	R01-lane-evidence	high	false		G-DIGEST;G-TOPOLOGY;G-CORRUPT;G-SEMEQ;G-ROLLBACK	conventional-pull-and-load	measurement-required	
faststart:molmim@sha256:7700c5556935a93055bee5367d36acb6d3e55d22fd1ba28503f5447656fa63fa	MolMIM NIM	faststart-v2-lanes	active	unresolved	R01-lane-evidence	medium	false	unsealed-evidence-receipts	G-DIGEST;G-TOPOLOGY;G-CORRUPT;G-SEMEQ;G-ROLLBACK	conventional-pull-and-load	measurement-required	
faststart:msa-search@sha256:944f3cf845761be8e42b33147ae08b68c61eca7cad67bf5251e1708d03c0165c	MSA Search (ColabFold) NIM	faststart-v2-lanes	active	conventional-only	R01-lane-evidence	high	false		G-DIGEST;G-SEMEQ;G-ROLLBACK	conventional-cached-start	measured	
faststart:openfold2@sha256:fc64916731fee39e124225829dca78e80ec24fe1891be47057d0d69209b93ab4	OpenFold2 NIM	faststart-v2-lanes	active	direct-snapshot-safe	R01-lane-evidence	high	true		G-DIGEST;G-TOPOLOGY;G-CORRUPT;G-SEMEQ;G-ROLLBACK;G-STORAGE	conventional-pull-and-load	measurement-required	
faststart:openfold3@sha256:6286cc7c02247ed3efe42f0f1af6c2f6f6a680b1e5cae669512c44b636aa42d2	OpenFold3 NIM	faststart-v2-lanes	active	direct-snapshot-safe	R01-lane-evidence	high	false		G-DIGEST;G-TOPOLOGY;G-CORRUPT;G-SEMEQ;G-ROLLBACK	conventional-pull-and-load	measurement-required	
faststart:proteinmpnn@sha256:b55a0aa6733e267e6e6fe06434e98aea61eff14bc5545127555607fef6f38aa5	ProteinMPNN NIM	faststart-v2-lanes	active	direct-snapshot-safe	R01-lane-evidence	high	false		G-DIGEST;G-TOPOLOGY;G-CORRUPT;G-SEMEQ;G-ROLLBACK	conventional-pull-and-load	measurement-required	canary-direct-min-bytes
faststart:rfdiffusion@sha256:15e40e466d8ebe9a53f1feea599373720428c9de65da750bf4271c96ec35ceb4	RFdiffusion NIM	faststart-v2-lanes	active	direct-snapshot-safe	R01-lane-evidence	high	false		G-DIGEST;G-TOPOLOGY;G-CORRUPT;G-SEMEQ;G-ROLLBACK	conventional-pull-and-load	measurement-required	
forge:aaditya-llama3-openbiollm-8b-vllm@hf-70d6bb5-vllm-0-21-0	Llama3 OpenBioLLM 8B	forge-manifests	active	unresolved	R07-unassessed	low	false	no-capture-evidence;state-audit-pending	G-DIGEST;G-TOPOLOGY;G-CORRUPT;G-SEMEQ;G-ROLLBACK	conventional-pull-and-load	measurement-required	canary-vllm-state-audit
forge:abhinand-medembed-base-v0-1-vllm-cuda13@hf-7a90c50-vllm-0-22-0-cuda13-pooling	MedEmbed Base	forge-manifests	active	unresolved	R07-unassessed	low	false	no-capture-evidence;state-audit-pending	G-DIGEST;G-TOPOLOGY;G-CORRUPT;G-SEMEQ;G-ROLLBACK	conventional-pull-and-load	measurement-required	
forge:abhinand-medembed-large-v0-1-vllm-cuda13@hf-963121b-vllm-0-22-0-cuda13-pooling	MedEmbed Large	forge-manifests	active	unresolved	R07-unassessed	low	false	no-capture-evidence;state-audit-pending	G-DIGEST;G-TOPOLOGY;G-CORRUPT;G-SEMEQ;G-ROLLBACK	conventional-pull-and-load	measurement-required	
forge:abhinand-medembed-small-v0-1-tei-cuda-1-9@hf-40a5850-tei-cuda-1-9-3	MedEmbed Small	forge-manifests	active	unresolved	R07-unassessed	low	false	no-capture-evidence;state-audit-pending	G-DIGEST;G-TOPOLOGY;G-CORRUPT;G-SEMEQ;G-ROLLBACK	conventional-pull-and-load	measurement-required	canary-tei-state-audit
forge:abhinand-medembed-small-v0-1-vllm-cuda13@hf-40a5850-vllm-0-22-0-cuda13-pooling	MedEmbed Small	forge-manifests	active	unresolved	R07-unassessed	low	false	no-capture-evidence;state-audit-pending	G-DIGEST;G-TOPOLOGY;G-CORRUPT;G-SEMEQ;G-ROLLBACK	conventional-pull-and-load	measurement-required	
forge:alibaba-nlp-gte-modernbert-base-tei-cuda-1-9@tei-cuda-1-9-3	GTE ModernBERT Base	forge-manifests	active	unresolved	R07-unassessed	low	false	no-capture-evidence;state-audit-pending	G-DIGEST;G-TOPOLOGY;G-CORRUPT;G-SEMEQ;G-ROLLBACK	conventional-pull-and-load	measurement-required	
forge:alibaba-nlp-gte-modernbert-base-vllm-cuda13@hf-e7f32e3-vllm-0-22-0-cuda13-pooling	GTE ModernBERT Base	forge-manifests	active	unresolved	R07-unassessed	low	false	no-capture-evidence;state-audit-pending	G-DIGEST;G-TOPOLOGY;G-CORRUPT;G-SEMEQ;G-ROLLBACK	conventional-pull-and-load	measurement-required	
forge:alibaba-nlp-gte-qwen2-1-5b-instruct-tei-cuda-1-9@tei-cuda-1-9-3	GTE Qwen2 1.5B Instruct	forge-manifests	active	unresolved	R07-unassessed	low	false	no-capture-evidence;state-audit-pending	G-DIGEST;G-TOPOLOGY;G-CORRUPT;G-SEMEQ;G-ROLLBACK	conventional-pull-and-load	measurement-required	
forge:alibaba-nlp-gte-reranker-modernbert-base-tei-cuda-1-9@tei-cuda-1-9-3	GTE Reranker ModernBERT Base	forge-manifests	active	unresolved	R07-unassessed	low	false	no-capture-evidence;state-audit-pending	G-DIGEST;G-TOPOLOGY;G-CORRUPT;G-SEMEQ;G-ROLLBACK	conventional-pull-and-load	measurement-required	
forge:allenai-molmoact2-bimanual-yam@bimanual-yam	AllenAI MolmoAct2 BimanualYAM	forge-manifests	active	unresolved	R07-unassessed	low	false	access-gate:no-public-image-reference;no-capture-evidence;state-audit-pending	G-DIGEST;G-TOPOLOGY;G-CORRUPT;G-SEMEQ;G-ROLLBACK	conventional-pull-and-load	measurement-required	
forge:allenai-molmoact2-so100-101@so100-101	AllenAI MolmoAct2 SO100/101	forge-manifests	active	unresolved	R07-unassessed	low	false	access-gate:no-public-image-reference;no-capture-evidence;state-audit-pending	G-DIGEST;G-TOPOLOGY;G-CORRUPT;G-SEMEQ;G-ROLLBACK	conventional-pull-and-load	measurement-required	
forge:allenai-olmo-2-0425-1b-instruct-vllm-cuda13@vllm-0-21-0-cuda13	OLMo-2 1B Instruct	forge-manifests	active	unresolved	R07-unassessed	low	false	no-capture-evidence;state-audit-pending	G-DIGEST;G-TOPOLOGY;G-CORRUPT;G-SEMEQ;G-ROLLBACK	conventional-pull-and-load	measurement-required	
forge:allenai-olmo-2-1124-7b-instruct-vllm-cuda13@vllm-0-21-0-cuda13	OLMo-2 7B Instruct	forge-manifests	active	unresolved	R07-unassessed	low	false	no-capture-evidence;state-audit-pending	G-DIGEST;G-TOPOLOGY;G-CORRUPT;G-SEMEQ;G-ROLLBACK	conventional-pull-and-load	measurement-required	
forge:allenai-olmo-3-7b-instruct-vllm-cuda13@vllm-0-21-0-cuda13	OLMo 3 7B Instruct	forge-manifests	active	unresolved	R07-unassessed	low	false	no-capture-evidence;state-audit-pending	G-DIGEST;G-TOPOLOGY;G-CORRUPT;G-SEMEQ;G-ROLLBACK	conventional-pull-and-load	measurement-required	
forge:arc-evo2-40b-nim@nim-2-1-0-40b-current-regional-mirror	Arc Evo 2 40B NIM	forge-manifests	active	unresolved	R07-unassessed	low	false	no-capture-evidence;state-audit-pending	G-DIGEST;G-TOPOLOGY;G-CORRUPT;G-SEMEQ;G-ROLLBACK	conventional-pull-and-load	measurement-required	
forge:arc-evo2-7b-nim@nim-2-1-0-7b-current-regional-mirror	Arc Evo 2 7B NIM	forge-manifests	active	unresolved	R07-unassessed	low	false	no-capture-evidence;state-audit-pending	G-DIGEST;G-TOPOLOGY;G-CORRUPT;G-SEMEQ;G-ROLLBACK	conventional-pull-and-load	measurement-required	
forge:baai-bge-base-en-v1-5-tei-cuda-1-9@tei-cuda-1-9-3	BGE Base EN v1.5	forge-manifests	active	unresolved	R07-unassessed	low	false	no-capture-evidence;state-audit-pending	G-DIGEST;G-TOPOLOGY;G-CORRUPT;G-SEMEQ;G-ROLLBACK	conventional-pull-and-load	measurement-required	
forge:baai-bge-base-en-v1-5-vllm-cuda13@hf-a5beb1e-vllm-0-22-0-cuda13-pooling	BGE Base EN v1.5	forge-manifests	active	unresolved	R07-unassessed	low	false	no-capture-evidence;state-audit-pending	G-DIGEST;G-TOPOLOGY;G-CORRUPT;G-SEMEQ;G-ROLLBACK	conventional-pull-and-load	measurement-required	
forge:baai-bge-large-en-v1-5-tei-cuda-1-9@tei-cuda-1-9-3	BGE Large EN v1.5	forge-manifests	active	unresolved	R07-unassessed	low	false	no-capture-evidence;state-audit-pending	G-DIGEST;G-TOPOLOGY;G-CORRUPT;G-SEMEQ;G-ROLLBACK	conventional-pull-and-load	measurement-required	
forge:baai-bge-m3-tei-cuda-1-9@tei-cuda-1-9-3	BGE-M3	forge-manifests	active	unresolved	R07-unassessed	low	false	no-capture-evidence;state-audit-pending	G-DIGEST;G-TOPOLOGY;G-CORRUPT;G-SEMEQ;G-ROLLBACK	conventional-pull-and-load	measurement-required	
forge:baai-bge-reranker-v2-m3-tei-cuda-1-9@tei-cuda-1-9-3	BGE Reranker v2 M3	forge-manifests	active	unresolved	R07-unassessed	low	false	no-capture-evidence;state-audit-pending	G-DIGEST;G-TOPOLOGY;G-CORRUPT;G-SEMEQ;G-ROLLBACK	conventional-pull-and-load	measurement-required	
forge:baai-bge-small-en-v1-5-tei-cuda-1-9@tei-cuda-1-9-3	BGE Small EN v1.5	forge-manifests	active	unresolved	R07-unassessed	low	false	no-capture-evidence;state-audit-pending	G-DIGEST;G-TOPOLOGY;G-CORRUPT;G-SEMEQ;G-ROLLBACK	conventional-pull-and-load	measurement-required	
forge:baai-bge-small-en-v1-5-vllm-cuda13@hf-5c38ec7-vllm-0-21-0-cuda13-pooling	BGE Small EN v1.5	forge-manifests	active	unresolved	R07-unassessed	low	false	no-capture-evidence;state-audit-pending	G-DIGEST;G-TOPOLOGY;G-CORRUPT;G-SEMEQ;G-ROLLBACK	conventional-pull-and-load	measurement-required	
forge:beingbeyond-being-h05-2b-robocasa@robocasa	BeingBeyond Being-H0.5 2B RoboCasa	forge-manifests	active	unresolved	R07-unassessed	low	false	access-gate:no-public-image-reference;no-capture-evidence;state-audit-pending	G-DIGEST;G-TOPOLOGY;G-CORRUPT;G-SEMEQ;G-ROLLBACK	conventional-pull-and-load	measurement-required	
forge:biohub-esmc-600m-protein-embedding@hf-465f758-python312-cuda128-wrapper-20260529	Biohub ESMC 600M Protein Embeddings	forge-manifests	active	unresolved	R07-unassessed	low	false	access-gate:no-public-image-reference;no-capture-evidence;state-audit-pending	G-DIGEST;G-TOPOLOGY;G-CORRUPT;G-SEMEQ;G-ROLLBACK	conventional-pull-and-load	measurement-required	
forge:biomedica-bmc-clip-cf@wrapper-20260529t18z-ack	BIOMEDICA BMC-CLIP CF	forge-manifests	active	unresolved	R07-unassessed	low	false	access-gate:no-public-image-reference;no-capture-evidence;state-audit-pending	G-DIGEST;G-TOPOLOGY;G-CORRUPT;G-SEMEQ;G-ROLLBACK	conventional-pull-and-load	measurement-required	
forge:biomistral-biomistral-7b-vllm@hf-9a11e1f-vllm-0-21-0	BioMistral 7B	forge-manifests	active	unresolved	R07-unassessed	low	false	no-capture-evidence;state-audit-pending	G-DIGEST;G-TOPOLOGY;G-CORRUPT;G-SEMEQ;G-ROLLBACK	conventional-pull-and-load	measurement-required	
forge:black-forest-labs-flux-2-dev-diffusers-bf16@diffusers-bf16	FLUX.2 Dev	forge-manifests	active	unresolved	R07-unassessed	low	false	access-gate:hf-token-required;access-gate:license-noncommercial;access-gate:no-public-image-reference;no-capture-evidence;state-audit-pending	G-DIGEST;G-TOPOLOGY;G-CORRUPT;G-SEMEQ;G-ROLLBACK	conventional-pull-and-load	measurement-required	
forge:black-forest-labs-flux-2-klein-4b-diffusers-cpu-offload@4b-diffusers-cpu-offload	FLUX.2 Klein 4B	forge-manifests	active	unresolved	R07-unassessed	low	false	access-gate:no-public-image-reference;no-capture-evidence;state-audit-pending	G-DIGEST;G-TOPOLOGY;G-CORRUPT;G-SEMEQ;G-ROLLBACK	conventional-pull-and-load	measurement-required	
forge:boltz2-nim-blackwell-fast@1-7-0-blackwell-fast	Boltz-2 NIM Blackwell Fast	forge-manifests	active	unresolved	R06-family-proven	medium	false	digest-rebind-required	G-DIGEST;G-TOPOLOGY;G-CORRUPT;G-SEMEQ;G-ROLLBACK	conventional-pull-and-load	measurement-required	canary-family-proven-rebind
forge:boltz2-nim@1-7-0	Boltz-2 NIM	forge-manifests	active	unresolved	R06-family-proven	medium	false	digest-rebind-required	G-DIGEST;G-TOPOLOGY;G-CORRUPT;G-SEMEQ;G-ROLLBACK	conventional-pull-and-load	measurement-required	
forge:bytedance-protenix-v2@2-0-0	Protenix v2	forge-manifests	active	unresolved	R07-unassessed	low	false	access-gate:no-public-image-reference;no-capture-evidence;state-audit-pending	G-DIGEST;G-TOPOLOGY;G-CORRUPT;G-SEMEQ;G-ROLLBACK	conventional-pull-and-load	measurement-required	
forge:bytedance-seed-oss-36b-instruct-vllm-cuda13@vllm-0-22-0-cuda13-hidden	Seed-OSS 36B Instruct	forge-manifests	active	unresolved	R07-unassessed	low	false	no-capture-evidence;state-audit-pending	G-DIGEST;G-TOPOLOGY;G-CORRUPT;G-SEMEQ;G-ROLLBACK	conventional-pull-and-load	measurement-required	
forge:cambridgeltl-sapbert-pubmedbert-fulltext-tei-cuda-1-9@hf-090663c-tei-cuda-1-9-3	SapBERT PubMedBERT Entity Embeddings	forge-manifests	active	unresolved	R07-unassessed	low	false	no-capture-evidence;state-audit-pending	G-DIGEST;G-TOPOLOGY;G-CORRUPT;G-SEMEQ;G-ROLLBACK	conventional-pull-and-load	measurement-required	
forge:cambridgeltl-sapbert-pubmedbert-fulltext-wrapper-cuda12@hf-090663c-wrapper-cuda12-slow-tokenizer	SapBERT PubMedBERT Entity Embeddings	forge-manifests	active	unresolved	R07-unassessed	low	false	access-gate:no-public-image-reference;no-capture-evidence;state-audit-pending	G-DIGEST;G-TOPOLOGY;G-CORRUPT;G-SEMEQ;G-ROLLBACK	conventional-pull-and-load	measurement-required	
forge:d4data-biomedical-ner-all-wrapper-cuda12@hf-015a405-wrapper-cuda12-mirrored-20260605t04z	d4data Biomedical NER All	forge-manifests	active	unresolved	R07-unassessed	low	false	access-gate:no-public-image-reference;no-capture-evidence;state-audit-pending	G-DIGEST;G-TOPOLOGY;G-CORRUPT;G-SEMEQ;G-ROLLBACK	conventional-pull-and-load	measurement-required	
forge:deepmind-alphafold2-nim-2-1-0@nim-2-1-0-onboarding	AlphaFold2 NIM	forge-manifests	active	unresolved	R07-unassessed	low	false	no-capture-evidence;state-audit-pending	G-DIGEST;G-TOPOLOGY;G-CORRUPT;G-SEMEQ;G-ROLLBACK	conventional-pull-and-load	measurement-required	
forge:deepseek-ai-deepseek-r1-0528-qwen3-8b-vllm-cuda13@vllm-0-21-0-cuda13	DeepSeek R1 0528 Qwen3 8B	forge-manifests	active	unresolved	R07-unassessed	low	false	no-capture-evidence;state-audit-pending	G-DIGEST;G-TOPOLOGY;G-CORRUPT;G-SEMEQ;G-ROLLBACK	conventional-pull-and-load	measurement-required	
forge:deepseek-ai-deepseek-r1-distill-qwen-14b-vllm-cuda13@vllm-0-21-0-cuda13	DeepSeek R1 Distill Qwen 14B	forge-manifests	active	unresolved	R07-unassessed	low	false	no-capture-evidence;state-audit-pending	G-DIGEST;G-TOPOLOGY;G-CORRUPT;G-SEMEQ;G-ROLLBACK	conventional-pull-and-load	measurement-required	
forge:deepseek-ai-deepseek-v3-2-vllm-cuda13-tp8@vllm-0-21-0-cuda13-tp8-smoke	DeepSeek-V3.2	forge-manifests	active	unresolved	R04-multi-gpu	high	false	multi-gpu-restore-unqualified;no-capture-evidence	G-DIGEST;G-TOPOLOGY;G-CORRUPT;G-SEMEQ;G-ROLLBACK	conventional-pull-and-load	measurement-required	
forge:embo-soda-vec-dot-std-cov-losses-tei-cuda-1-9@hf-ec602c1-tei-cuda-1-9-3	EMBO SODA-VEC Dot/Std/Cov	forge-manifests	active	unresolved	R07-unassessed	low	false	no-capture-evidence;state-audit-pending	G-DIGEST;G-TOPOLOGY;G-CORRUPT;G-SEMEQ;G-ROLLBACK	conventional-pull-and-load	measurement-required	
forge:embo-soda-vec-dot-std-cov-losses-vllm-cuda13@hf-ec602c1-vllm-0-21-0-cuda13-pooling	EMBO SODA-VEC Dot/Std/Cov	forge-manifests	active	unresolved	R07-unassessed	low	false	no-capture-evidence;state-audit-pending	G-DIGEST;G-TOPOLOGY;G-CORRUPT;G-SEMEQ;G-ROLLBACK	conventional-pull-and-load	measurement-required	
forge:facebook-esm-2-3b-protein-embedding@hf-476b639-wrapper-20260427-timing	ESM-2 3B Protein Embeddings	forge-manifests	active	unresolved	R07-unassessed	low	false	access-gate:no-public-image-reference;no-capture-evidence;state-audit-pending	G-DIGEST;G-TOPOLOGY;G-CORRUPT;G-SEMEQ;G-ROLLBACK	conventional-pull-and-load	measurement-required	
forge:facebook-esm-2-650m-protein-embedding@hf-08e4846-wrapper-20260427-timing	ESM-2 650M Protein Embeddings	forge-manifests	active	unresolved	R07-unassessed	low	false	access-gate:no-public-image-reference;no-capture-evidence;state-audit-pending	G-DIGEST;G-TOPOLOGY;G-CORRUPT;G-SEMEQ;G-ROLLBACK	conventional-pull-and-load	measurement-required	
forge:facebook-esmfold-v1@hf-75a3841-wrapper-20260521-pdb-adapter-fix	ESMFold	forge-manifests	active	unresolved	R07-unassessed	low	false	access-gate:no-public-image-reference;no-capture-evidence;state-audit-pending	G-DIGEST;G-TOPOLOGY;G-CORRUPT;G-SEMEQ;G-ROLLBACK	conventional-pull-and-load	measurement-required	
forge:flagrelease-robobrain2-32b-flagos-nvidia@32b-flagos-nvidia	FlagRelease RoboBrain2.0 32B FlagOS NVIDIA	forge-manifests	active	unresolved	R07-unassessed	low	false	access-gate:hf-token-required;no-capture-evidence;state-audit-pending	G-DIGEST;G-TOPOLOGY;G-CORRUPT;G-SEMEQ;G-ROLLBACK	conventional-pull-and-load	measurement-required	
forge:google-hear-health-acoustic-embeddings@hear-tensorflow-1-0-0-wrapper-20260706	Google HeAR Health Acoustic Embeddings	forge-manifests	active	unresolved	R07-unassessed	low	false	access-gate:hf-token-required;access-gate:no-public-image-reference;no-capture-evidence;state-audit-pending	G-DIGEST;G-TOPOLOGY;G-CORRUPT;G-SEMEQ;G-ROLLBACK	conventional-pull-and-load	measurement-required	
forge:google-medgemma-1-5-4b-it-vllm-cuda13@hf-9185054-vllm-0-21-0-cuda13-gated	MedGemma 1.5 4B IT	forge-manifests	active	unresolved	R07-unassessed	low	false	access-gate:hf-token-required;no-capture-evidence;state-audit-pending	G-DIGEST;G-TOPOLOGY;G-CORRUPT;G-SEMEQ;G-ROLLBACK	conventional-pull-and-load	measurement-required	
forge:gromacs-md-ngc-wrapper@ngc-2023.2-wrapper-20260602	GROMACS Molecular Dynamics	forge-manifests	active	unresolved	R07-unassessed	low	false	access-gate:no-public-image-reference;no-capture-evidence;state-audit-pending	G-DIGEST;G-TOPOLOGY;G-CORRUPT;G-SEMEQ;G-ROLLBACK	conventional-pull-and-load	measurement-required	
forge:h-embodvis-puma@puma-domino-dynamic-35task	H-EmbodVis PUMA	forge-manifests	active	unresolved	R05-closed-image	high	false	access-gate:no-public-image-reference;no-capture-evidence;no-digest-binding;state-audit-pending	G-DIGEST;G-TOPOLOGY;G-CORRUPT;G-SEMEQ;G-ROLLBACK	conventional-pull-and-load	blocked-until-digest-bound	
forge:hierarchy-transformers-hit-minilm-l12-snomedct-tei-cuda-1-9@hf-f822e43-tei-cuda-1-9-3	HiT MiniLM L12 SNOMED CT Embeddings	forge-manifests	active	unresolved	R07-unassessed	low	false	no-capture-evidence;state-audit-pending	G-DIGEST;G-TOPOLOGY;G-CORRUPT;G-SEMEQ;G-ROLLBACK	conventional-pull-and-load	measurement-required	
forge:huggingface-lerobot-pi0fast-base@base	Hugging Face LeRobot PI0Fast Base	forge-manifests	active	unresolved	R05-closed-image	high	false	access-gate:no-public-image-reference;no-capture-evidence;no-digest-binding;state-audit-pending	G-DIGEST;G-TOPOLOGY;G-CORRUPT;G-SEMEQ;G-ROLLBACK	conventional-pull-and-load	blocked-until-digest-bound	
forge:huggingface-lerobot-smolvla-base@base	Hugging Face LeRobot SmolVLA Base	forge-manifests	active	unresolved	R07-unassessed	low	false	access-gate:no-public-image-reference;no-capture-evidence;state-audit-pending	G-DIGEST;G-TOPOLOGY;G-CORRUPT;G-SEMEQ;G-ROLLBACK	conventional-pull-and-load	measurement-required	
forge:huggingface-lerobot-smolvla-libero-plus@libero-plus	Hugging Face LeRobot SmolVLA Libero Plus	forge-manifests	active	unresolved	R07-unassessed	low	false	access-gate:no-public-image-reference;no-capture-evidence;state-audit-pending	G-DIGEST;G-TOPOLOGY;G-CORRUPT;G-SEMEQ;G-ROLLBACK	conventional-pull-and-load	measurement-required	
forge:huggingface-lerobot-smolvla-libero@libero	Hugging Face LeRobot SmolVLA Libero	forge-manifests	active	unresolved	R07-unassessed	low	false	access-gate:no-public-image-reference;no-capture-evidence;state-audit-pending	G-DIGEST;G-TOPOLOGY;G-CORRUPT;G-SEMEQ;G-ROLLBACK	conventional-pull-and-load	measurement-required	
forge:huggingface-lerobot-smolvla-robocasa@robocasa	Hugging Face LeRobot SmolVLA RoboCasa	forge-manifests	active	unresolved	R07-unassessed	low	false	access-gate:no-public-image-reference;no-capture-evidence;state-audit-pending	G-DIGEST;G-TOPOLOGY;G-CORRUPT;G-SEMEQ;G-ROLLBACK	conventional-pull-and-load	measurement-required	
forge:huggingface-lerobot-smolvla-robotwin@robotwin	Hugging Face LeRobot SmolVLA RobotWin	forge-manifests	active	unresolved	R07-unassessed	low	false	access-gate:no-public-image-reference;no-capture-evidence;state-audit-pending	G-DIGEST;G-TOPOLOGY;G-CORRUPT;G-SEMEQ;G-ROLLBACK	conventional-pull-and-load	measurement-required	
forge:huggingface-lerobot-smolvla-vlabench@vlabench	Hugging Face LeRobot SmolVLA VLABench	forge-manifests	active	unresolved	R07-unassessed	low	false	access-gate:no-public-image-reference;no-capture-evidence;state-audit-pending	G-DIGEST;G-TOPOLOGY;G-CORRUPT;G-SEMEQ;G-ROLLBACK	conventional-pull-and-load	measurement-required	
forge:huggingface-lerobot-xvla-base@base	Hugging Face LeRobot X-VLA Base	forge-manifests	active	unresolved	R07-unassessed	low	false	access-gate:no-public-image-reference;no-capture-evidence;state-audit-pending	G-DIGEST;G-TOPOLOGY;G-CORRUPT;G-SEMEQ;G-ROLLBACK	conventional-pull-and-load	measurement-required	
forge:huggingface-lerobot-xvla-google-robot@google-robot	Hugging Face LeRobot X-VLA Google Robot	forge-manifests	active	unresolved	R07-unassessed	low	false	access-gate:no-public-image-reference;no-capture-evidence;state-audit-pending	G-DIGEST;G-TOPOLOGY;G-CORRUPT;G-SEMEQ;G-ROLLBACK	conventional-pull-and-load	measurement-required	
forge:huggingfacebio-carbon-3b-vllm-cuda13@hf-fe755cb-vllm-0-22-0-cuda13	Carbon 3B	forge-manifests	active	unresolved	R07-unassessed	low	false	no-capture-evidence;state-audit-pending	G-DIGEST;G-TOPOLOGY;G-CORRUPT;G-SEMEQ;G-ROLLBACK	conventional-pull-and-load	measurement-required	
forge:huggingfacetb-smollm3-3b-vllm-cuda13@vllm-0-21-0-cuda13	SmolLM3 3B	forge-manifests	active	unresolved	R07-unassessed	low	false	no-capture-evidence;state-audit-pending	G-DIGEST;G-TOPOLOGY;G-CORRUPT;G-SEMEQ;G-ROLLBACK	conventional-pull-and-load	measurement-required	
forge:huggingfacetb-smollm3-3b-vllm@vllm-0-10-2-cuda12-8	SmolLM3 3B	forge-manifests	active	unresolved	R07-unassessed	low	false	no-capture-evidence;state-audit-pending	G-DIGEST;G-TOPOLOGY;G-CORRUPT;G-SEMEQ;G-ROLLBACK	conventional-pull-and-load	measurement-required	
forge:ibm-granite-granite-3-3-8b-instruct-vllm-cuda13@vllm-0-21-0-cuda13	Granite 3.3 8B Instruct	forge-manifests	active	unresolved	R07-unassessed	low	false	no-capture-evidence;state-audit-pending	G-DIGEST;G-TOPOLOGY;G-CORRUPT;G-SEMEQ;G-ROLLBACK	conventional-pull-and-load	measurement-required	
forge:ibm-granite-granite-4-1-8b-vllm-cuda13@vllm-0-21-0-cuda13	Granite 4.1 8B	forge-manifests	active	unresolved	R07-unassessed	low	false	no-capture-evidence;state-audit-pending	G-DIGEST;G-TOPOLOGY;G-CORRUPT;G-SEMEQ;G-ROLLBACK	conventional-pull-and-load	measurement-required	
forge:ibm-granite-granite-embedding-small-english-r2-tei-cuda-1-9@tei-cuda-1-9-3	Granite Embedding Small English R2	forge-manifests	active	unresolved	R07-unassessed	low	false	no-capture-evidence;state-audit-pending	G-DIGEST;G-TOPOLOGY;G-CORRUPT;G-SEMEQ;G-ROLLBACK	conventional-pull-and-load	measurement-required	
forge:instadeep-nucleotide-transformer-v2-500m-multi-species-dna-embedding@hf-main-clawbio-dna-mlm-20260605	Nucleotide Transformer v2 500M Multi-Species DNA Embeddings	forge-manifests	active	unresolved	R07-unassessed	low	false	access-gate:no-public-image-reference;no-capture-evidence;state-audit-pending	G-DIGEST;G-TOPOLOGY;G-CORRUPT;G-SEMEQ;G-ROLLBACK	conventional-pull-and-load	measurement-required	
forge:intfloat-multilingual-e5-large-instruct-tei-cuda-1-9@tei-cuda-1-9-3	Multilingual E5 Large Instruct	forge-manifests	active	unresolved	R07-unassessed	low	false	no-capture-evidence;state-audit-pending	G-DIGEST;G-TOPOLOGY;G-CORRUPT;G-SEMEQ;G-ROLLBACK	conventional-pull-and-load	measurement-required	
forge:ipec-spatialvla-4b-224-sft-bridge@4b-224-sft-bridge	IPEC SpatialVLA 4B SFT Bridge	forge-manifests	active	unresolved	R05-closed-image	high	false	access-gate:no-public-image-reference;no-capture-evidence;no-digest-binding;state-audit-pending	G-DIGEST;G-TOPOLOGY;G-CORRUPT;G-SEMEQ;G-ROLLBACK	conventional-pull-and-load	blocked-until-digest-bound	
forge:laion-clap-htsat-fused-zero-shot-audio@hf365dea6-transformers53-20260706	LAION CLAP HTSAT Fused Zero-Shot Audio	forge-manifests	active	unresolved	R07-unassessed	low	false	access-gate:no-public-image-reference;no-capture-evidence;state-audit-pending	G-DIGEST;G-TOPOLOGY;G-CORRUPT;G-SEMEQ;G-ROLLBACK	conventional-pull-and-load	measurement-required	
forge:lightricks-ltx-2-3-sglang@2.3-one-stage	LTX-2.3	forge-manifests	active	unresolved	R07-unassessed	low	true	access-gate:no-public-image-reference;no-capture-evidence;state-audit-pending	G-DIGEST;G-TOPOLOGY;G-CORRUPT;G-SEMEQ;G-ROLLBACK;G-STORAGE	conventional-pull-and-load	measurement-required	
forge:lokeshch19-modernpubmedbert-tei-cuda-1-9@hf-810bc50-tei-cuda-1-9-3-preflight	ModernPubMedBERT Embeddings	forge-manifests	active	unresolved	R07-unassessed	low	false	no-capture-evidence;state-audit-pending	G-DIGEST;G-TOPOLOGY;G-CORRUPT;G-SEMEQ;G-ROLLBACK	conventional-pull-and-load	measurement-required	
forge:longsafari-hyenadna-medium-450k-dna-embedding@hf-main-hyenadna-medium-450k-20260606	HyenaDNA Medium 450k DNA Embeddings	forge-manifests	active	unresolved	R07-unassessed	low	false	access-gate:no-public-image-reference;no-capture-evidence;state-audit-pending	G-DIGEST;G-TOPOLOGY;G-CORRUPT;G-SEMEQ;G-ROLLBACK	conventional-pull-and-load	measurement-required	
forge:m42-health-llama3-med42-8b-vllm-cuda13@hf-ceab7e7-vllm-0-21-0-cuda13	Llama3 Med42 8B	forge-manifests	active	unresolved	R07-unassessed	low	false	no-capture-evidence;state-audit-pending	G-DIGEST;G-TOPOLOGY;G-CORRUPT;G-SEMEQ;G-ROLLBACK	conventional-pull-and-load	measurement-required	
forge:microsoft-bioemu-v1-1@bioemu-v1-1-bioemu-1-3-1-wrapper	BioEmu v1.1	forge-manifests	active	unresolved	R07-unassessed	low	false	access-gate:no-public-image-reference;no-capture-evidence;state-audit-pending	G-DIGEST;G-TOPOLOGY;G-CORRUPT;G-SEMEQ;G-ROLLBACK	conventional-pull-and-load	measurement-required	
forge:microsoft-fara-7b-vllm-cuda12-8@vllm-0-10-2-cuda12-8-vision-chat-probe	Fara-7B	forge-manifests	active	unresolved	R07-unassessed	low	false	no-capture-evidence;state-audit-pending	G-DIGEST;G-TOPOLOGY;G-CORRUPT;G-SEMEQ;G-ROLLBACK	conventional-pull-and-load	measurement-required	
forge:microsoft-fara-7b-vllm-cuda13@vllm-0-21-0-cuda13-vision-chat-probe	Fara-7B	forge-manifests	active	unresolved	R07-unassessed	low	false	no-capture-evidence;state-audit-pending	G-DIGEST;G-TOPOLOGY;G-CORRUPT;G-SEMEQ;G-ROLLBACK	conventional-pull-and-load	measurement-required	
forge:microsoft-phi-4-mini-instruct-nim@nim-1-12-0	Microsoft Phi-4 Mini Instruct	forge-manifests	active	unresolved	R07-unassessed	low	false	no-capture-evidence;state-audit-pending	G-DIGEST;G-TOPOLOGY;G-CORRUPT;G-SEMEQ;G-ROLLBACK	conventional-pull-and-load	measurement-required	
forge:microsoft-phi-4-mini-reasoning-vllm-cuda13@vllm-0-21-0-cuda13	Microsoft Phi-4 Mini Reasoning	forge-manifests	active	unresolved	R07-unassessed	low	false	no-capture-evidence;state-audit-pending	G-DIGEST;G-TOPOLOGY;G-CORRUPT;G-SEMEQ;G-ROLLBACK	conventional-pull-and-load	measurement-required	
forge:mistralai-devstral-small-2507-vllm-cuda13@vllm-0-22-0-cuda13-tp1	Devstral Small 1.1 2507	forge-manifests	active	unresolved	R07-unassessed	low	false	no-capture-evidence;state-audit-pending	G-DIGEST;G-TOPOLOGY;G-CORRUPT;G-SEMEQ;G-ROLLBACK	conventional-pull-and-load	measurement-required	
forge:mistralai-ministral-3-3b-instruct-2512-vllm-cuda13@vllm-0-22-0-cuda13	Ministral 3 3B Instruct 2512	forge-manifests	active	unresolved	R07-unassessed	low	false	no-capture-evidence;state-audit-pending	G-DIGEST;G-TOPOLOGY;G-CORRUPT;G-SEMEQ;G-ROLLBACK	conventional-pull-and-load	measurement-required	
forge:mistralai-mistral-small-3-2-24b-instruct-2506-nim@nim-1-3-1	Mistral Small 3.2 24B Instruct 2506	forge-manifests	active	unresolved	R07-unassessed	low	false	no-capture-evidence;state-audit-pending	G-DIGEST;G-TOPOLOGY;G-CORRUPT;G-SEMEQ;G-ROLLBACK	conventional-pull-and-load	measurement-required	
forge:mit-ast-finetuned-audioset-10-10-0-4593-wrapper-cuda12@hf-f826b80-wrapper-cuda12-safetensors	MIT AST AudioSet Classifier	forge-manifests	active	unresolved	R07-unassessed	low	false	access-gate:no-public-image-reference;no-capture-evidence;state-audit-pending	G-DIGEST;G-TOPOLOGY;G-CORRUPT;G-SEMEQ;G-ROLLBACK	conventional-pull-and-load	measurement-required	
forge:mit-diffdock-nim@nim-2-2-0-regional-mirror-onboarding	MIT DiffDock NIM	forge-manifests	active	unresolved	R06-family-proven	medium	false	digest-rebind-required	G-DIGEST;G-TOPOLOGY;G-CORRUPT;G-SEMEQ;G-ROLLBACK	conventional-pull-and-load	measurement-required	
forge:mixedbread-ai-mxbai-embed-large-v1-tei-cuda-1-9@tei-cuda-1-9-3	Mixedbread Embed Large v1	forge-manifests	active	unresolved	R07-unassessed	low	false	no-capture-evidence;state-audit-pending	G-DIGEST;G-TOPOLOGY;G-CORRUPT;G-SEMEQ;G-ROLLBACK	conventional-pull-and-load	measurement-required	
forge:motus-robotics-motus@stage2-pretrained	Motus Robotics Motus	forge-manifests	active	unresolved	R05-closed-image	high	false	access-gate:no-public-image-reference;no-capture-evidence;no-digest-binding;state-audit-pending	G-DIGEST;G-TOPOLOGY;G-CORRUPT;G-SEMEQ;G-ROLLBACK	conventional-pull-and-load	blocked-until-digest-bound	
forge:ncbi-medcpt-article-encoder-wrapper-cuda12@hf-d05a736-wrapper-cuda12-pair-tokenizer-ack	MedCPT Article Encoder	forge-manifests	active	unresolved	R07-unassessed	low	false	access-gate:no-public-image-reference;no-capture-evidence;state-audit-pending	G-DIGEST;G-TOPOLOGY;G-CORRUPT;G-SEMEQ;G-ROLLBACK	conventional-pull-and-load	measurement-required	
forge:ncbi-medcpt-cross-encoder-tei-cuda-1-9@hf-71caf65-tei-cuda-1-9-3-preflight	MedCPT Cross Encoder	forge-manifests	active	unresolved	R07-unassessed	low	false	no-capture-evidence;state-audit-pending	G-DIGEST;G-TOPOLOGY;G-CORRUPT;G-SEMEQ;G-ROLLBACK	conventional-pull-and-load	measurement-required	
forge:ncbi-medcpt-cross-encoder-wrapper-cuda12@hf-71caf65-wrapper-cuda12-safe-state-dict	MedCPT Cross Encoder	forge-manifests	active	unresolved	R07-unassessed	low	false	access-gate:no-public-image-reference;no-capture-evidence;state-audit-pending	G-DIGEST;G-TOPOLOGY;G-CORRUPT;G-SEMEQ;G-ROLLBACK	conventional-pull-and-load	measurement-required	
forge:ncbi-medcpt-query-encoder-tei-cuda-1-9@hf-d83a36c-tei-cuda-1-9-3	MedCPT Query Encoder	forge-manifests	active	unresolved	R07-unassessed	low	false	no-capture-evidence;state-audit-pending	G-DIGEST;G-TOPOLOGY;G-CORRUPT;G-SEMEQ;G-ROLLBACK	conventional-pull-and-load	measurement-required	
forge:neuml-pubmedbert-base-embeddings-matryoshka-tei-cuda-1-9@hf-723775e-tei-cuda-1-9-3	PubMedBERT Base Embeddings Matryoshka	forge-manifests	active	unresolved	R07-unassessed	low	false	no-capture-evidence;state-audit-pending	G-DIGEST;G-TOPOLOGY;G-CORRUPT;G-SEMEQ;G-ROLLBACK	conventional-pull-and-load	measurement-required	
forge:neuml-pubmedbert-base-embeddings-tei-100-latest@hf-b79526d-tei-100-latest	PubMedBERT Base Embeddings	forge-manifests	active	unresolved	R07-unassessed	low	false	no-capture-evidence;state-audit-pending	G-DIGEST;G-TOPOLOGY;G-CORRUPT;G-SEMEQ;G-ROLLBACK	conventional-pull-and-load	measurement-required	
forge:neuml-pubmedbert-base-embeddings-tei-cuda-1-9@hf-b79526d-tei-cuda-1-9-3	PubMedBERT Base Embeddings	forge-manifests	active	unresolved	R07-unassessed	low	false	no-capture-evidence;state-audit-pending	G-DIGEST;G-TOPOLOGY;G-CORRUPT;G-SEMEQ;G-ROLLBACK	conventional-pull-and-load	measurement-required	
forge:neuml-pubmedbert-base-embeddings-vllm-cuda13@hf-b79526d-vllm-0-21-0-cuda13-pooling	PubMedBERT Base Embeddings	forge-manifests	active	unresolved	R07-unassessed	low	false	no-capture-evidence;state-audit-pending	G-DIGEST;G-TOPOLOGY;G-CORRUPT;G-SEMEQ;G-ROLLBACK	conventional-pull-and-load	measurement-required	
forge:nomic-ai-nomic-embed-text-v1-5-tei-cuda-1-9@tei-cuda-1-9-3	Nomic Embed Text v1.5	forge-manifests	active	unresolved	R07-unassessed	low	false	no-capture-evidence;state-audit-pending	G-DIGEST;G-TOPOLOGY;G-CORRUPT;G-SEMEQ;G-ROLLBACK	conventional-pull-and-load	measurement-required	
forge:nomic-ai-nomic-embed-text-v2-moe-tei-cuda-1-9@tei-cuda-1-9-3	Nomic Embed Text v2 MoE	forge-manifests	active	unresolved	R07-unassessed	low	false	no-capture-evidence;state-audit-pending	G-DIGEST;G-TOPOLOGY;G-CORRUPT;G-SEMEQ;G-ROLLBACK	conventional-pull-and-load	measurement-required	
forge:nvidia-cosmos-embed1@1-1-0	NVIDIA Cosmos Embed1	forge-manifests	active	unresolved	R07-unassessed	low	false	no-capture-evidence;state-audit-pending	G-DIGEST;G-TOPOLOGY;G-CORRUPT;G-SEMEQ;G-ROLLBACK	conventional-pull-and-load	measurement-required	
forge:nvidia-cosmos-policy-aloha-predict2-b300-optimized@b300-optimized	NVIDIA Cosmos Policy ALOHA Predict2 2B (B300 Optimized)	forge-manifests	active	unresolved	R07-unassessed	low	false	access-gate:no-public-image-reference;no-capture-evidence;state-audit-pending	G-DIGEST;G-TOPOLOGY;G-CORRUPT;G-SEMEQ;G-ROLLBACK	conventional-pull-and-load	measurement-required	
forge:nvidia-cosmos-policy-aloha-predict2-cuda12@cuda12	NVIDIA Cosmos Policy ALOHA Predict2 2B	forge-manifests	active	unresolved	R07-unassessed	low	false	access-gate:no-public-image-reference;no-capture-evidence;state-audit-pending	G-DIGEST;G-TOPOLOGY;G-CORRUPT;G-SEMEQ;G-ROLLBACK	conventional-pull-and-load	measurement-required	
forge:nvidia-cosmos-policy-aloha-predict2-cuda13@cuda13	NVIDIA Cosmos Policy ALOHA Predict2 2B (CUDA 13, B300)	forge-manifests	active	unresolved	R07-unassessed	low	false	access-gate:no-public-image-reference;no-capture-evidence;state-audit-pending	G-DIGEST;G-TOPOLOGY;G-CORRUPT;G-SEMEQ;G-ROLLBACK	conventional-pull-and-load	measurement-required	
forge:nvidia-cosmos-policy-libero-predict2-b300-optimized@b300-optimized	NVIDIA Cosmos Policy LIBERO Predict2 2B (B300 Optimized)	forge-manifests	active	unresolved	R07-unassessed	low	false	access-gate:no-public-image-reference;no-capture-evidence;state-audit-pending	G-DIGEST;G-TOPOLOGY;G-CORRUPT;G-SEMEQ;G-ROLLBACK	conventional-pull-and-load	measurement-required	
forge:nvidia-cosmos-policy-libero-predict2-cuda12@cuda12	NVIDIA Cosmos Policy LIBERO Predict2 2B	forge-manifests	active	unresolved	R07-unassessed	low	false	access-gate:no-public-image-reference;no-capture-evidence;state-audit-pending	G-DIGEST;G-TOPOLOGY;G-CORRUPT;G-SEMEQ;G-ROLLBACK	conventional-pull-and-load	measurement-required	
forge:nvidia-cosmos-policy-libero-predict2-cuda13@cuda13	NVIDIA Cosmos Policy LIBERO Predict2 2B (CUDA 13)	forge-manifests	active	unresolved	R07-unassessed	low	false	access-gate:no-public-image-reference;no-capture-evidence;state-audit-pending	G-DIGEST;G-TOPOLOGY;G-CORRUPT;G-SEMEQ;G-ROLLBACK	conventional-pull-and-load	measurement-required	
forge:nvidia-cosmos-policy-libero-predict2-fp8@fp8	NVIDIA Cosmos Policy LIBERO 2B (FP8, Blackwell/Hopper)	forge-manifests	active	unresolved	R07-unassessed	low	false	access-gate:no-public-image-reference;no-capture-evidence;state-audit-pending	G-DIGEST;G-TOPOLOGY;G-CORRUPT;G-SEMEQ;G-ROLLBACK	conventional-pull-and-load	measurement-required	
forge:nvidia-cosmos-predict1-7b-text2world@1-0-0	NVIDIA Cosmos Predict1 7B Text2World	forge-manifests	active	unresolved	R05-closed-image	high	false	no-capture-evidence;no-digest-binding;state-audit-pending	G-DIGEST;G-TOPOLOGY;G-CORRUPT;G-SEMEQ;G-ROLLBACK	conventional-pull-and-load	blocked-until-digest-bound	
forge:nvidia-cosmos-predict1-7b-video2world@1-0-0	NVIDIA Cosmos Predict1 7B Video2World	forge-manifests	active	unresolved	R05-closed-image	high	false	no-capture-evidence;no-digest-binding;state-audit-pending	G-DIGEST;G-TOPOLOGY;G-CORRUPT;G-SEMEQ;G-ROLLBACK	conventional-pull-and-load	blocked-until-digest-bound	
forge:nvidia-cosmos-predict2-5-2b@2-5-2b-wrapper-staged	NVIDIA Cosmos Predict2.5 2B	forge-manifests	active	unresolved	R05-closed-image	high	false	access-gate:hf-token-required;access-gate:no-public-image-reference;no-capture-evidence;no-digest-binding;state-audit-pending	G-DIGEST;G-TOPOLOGY;G-CORRUPT;G-SEMEQ;G-ROLLBACK	conventional-pull-and-load	blocked-until-digest-bound	
forge:nvidia-cosmos-reason1-7b@v1	NVIDIA Cosmos Reason 1 (7B)	forge-manifests	active	unresolved	R05-closed-image	high	false	no-capture-evidence;no-digest-binding;state-audit-pending	G-DIGEST;G-TOPOLOGY;G-CORRUPT;G-SEMEQ;G-ROLLBACK	conventional-pull-and-load	blocked-until-digest-bound	
forge:nvidia-cosmos-reason2-2b@2b-nim-1-7-0	NVIDIA Cosmos Reason 2 (2B)	forge-manifests	active	unresolved	R07-unassessed	low	false	no-capture-evidence;state-audit-pending	G-DIGEST;G-TOPOLOGY;G-CORRUPT;G-SEMEQ;G-ROLLBACK	conventional-pull-and-load	measurement-required	
forge:nvidia-cosmos-reason2-8b@v1	NVIDIA Cosmos Reason 2 (8B)	forge-manifests	active	unresolved	R05-closed-image	high	false	no-capture-evidence;no-digest-binding;state-audit-pending	G-DIGEST;G-TOPOLOGY;G-CORRUPT;G-SEMEQ;G-ROLLBACK	conventional-pull-and-load	blocked-until-digest-bound	
forge:nvidia-cosmos-transfer2-5-2b@1-0-0	NVIDIA Cosmos Transfer2.5 2B	forge-manifests	active	unresolved	R07-unassessed	low	false	access-gate:artifact-gated-upstream;no-capture-evidence;state-audit-pending	G-DIGEST;G-TOPOLOGY;G-CORRUPT;G-SEMEQ;G-ROLLBACK	conventional-pull-and-load	measurement-required	
forge:nvidia-cosmos3-nano-vllm-omni@public-20260531-vllm-omni-cuda13	NVIDIA Cosmos 3 Nano vLLM-Omni	forge-manifests	active	unresolved	R07-unassessed	low	false	access-gate:hf-token-required;no-capture-evidence;state-audit-pending	G-DIGEST;G-TOPOLOGY;G-CORRUPT;G-SEMEQ;G-ROLLBACK	conventional-pull-and-load	measurement-required	
forge:nvidia-cosmos3-omni-nano@nano-bf16	NVIDIA Cosmos 3 Omni (Nano)	forge-manifests	active	unresolved	R07-unassessed	low	false	access-gate:hf-token-required;access-gate:no-public-image-reference;no-capture-evidence;state-audit-pending	G-DIGEST;G-TOPOLOGY;G-CORRUPT;G-SEMEQ;G-ROLLBACK	conventional-pull-and-load	measurement-required	
forge:nvidia-cosmos3-omni-super@super-bf16	NVIDIA Cosmos 3 Omni (Super)	forge-manifests	active	unresolved	R07-unassessed	low	false	access-gate:hf-token-required;access-gate:no-public-image-reference;no-capture-evidence;state-audit-pending	G-DIGEST;G-TOPOLOGY;G-CORRUPT;G-SEMEQ;G-ROLLBACK	conventional-pull-and-load	measurement-required	
forge:nvidia-cosmos3-reasoner-nano@nano-bf16	NVIDIA Cosmos 3 Reasoner (Nano)	forge-manifests	active	unresolved	R07-unassessed	low	false	access-gate:hf-token-required;access-gate:no-public-image-reference;no-capture-evidence;state-audit-pending	G-DIGEST;G-TOPOLOGY;G-CORRUPT;G-SEMEQ;G-ROLLBACK	conventional-pull-and-load	measurement-required	
forge:nvidia-cosmos3-reasoner-super@super-bf16	NVIDIA Cosmos 3 Reasoner (Super)	forge-manifests	active	unresolved	R07-unassessed	low	false	access-gate:hf-token-required;access-gate:no-public-image-reference;no-capture-evidence;state-audit-pending	G-DIGEST;G-TOPOLOGY;G-CORRUPT;G-SEMEQ;G-ROLLBACK	conventional-pull-and-load	measurement-required	
forge:nvidia-genmol-2-0-0-nim@nim-2-0-0-candidate	GenMol NIM	forge-manifests	active	unresolved	R06-family-proven	medium	false	digest-rebind-required	G-DIGEST;G-TOPOLOGY;G-CORRUPT;G-SEMEQ;G-ROLLBACK	conventional-pull-and-load	measurement-required	
forge:nvidia-isaac-gr00t-n1-7-3b@N1.7-3B-wrapper-3df8b382-buildx-01z	NVIDIA Isaac GR00T N1.7 3B	forge-manifests	active	unresolved	R07-unassessed	low	false	access-gate:hf-token-required;access-gate:no-public-image-reference;no-capture-evidence;state-audit-pending	G-DIGEST;G-TOPOLOGY;G-CORRUPT;G-SEMEQ;G-ROLLBACK	conventional-pull-and-load	measurement-required	
forge:nvidia-llama-3-1-nemotron-nano-8b-healthcare-text2sql-nim@nim-1-15-1-candidate	Llama 3.1 Nemotron Nano 8B Healthcare Text2SQL	forge-manifests	active	unresolved	R07-unassessed	low	false	no-capture-evidence;state-audit-pending	G-DIGEST;G-TOPOLOGY;G-CORRUPT;G-SEMEQ;G-ROLLBACK	conventional-pull-and-load	measurement-required	
forge:nvidia-llama-3-3-nemotron-super-49b-healthcare-text2sql-nim@nim-1-15-1-super-49b-candidate	Llama 3.3 Nemotron Super 49B Healthcare Text2SQL	forge-manifests	active	unresolved	R05-closed-image	high	false	no-capture-evidence;no-digest-binding;state-audit-pending	G-DIGEST;G-TOPOLOGY;G-CORRUPT;G-SEMEQ;G-ROLLBACK	conventional-pull-and-load	blocked-until-digest-bound	
forge:nvidia-llama-nemotron-rerank-1b-v2-nim@nim-1-10-0-rofs-wrapper-2026-05-27	NVIDIA Llama Nemotron Rerank 1B v2	forge-manifests	active	unresolved	R07-unassessed	low	false	access-gate:no-public-image-reference;no-capture-evidence;state-audit-pending	G-DIGEST;G-TOPOLOGY;G-CORRUPT;G-SEMEQ;G-ROLLBACK	conventional-pull-and-load	measurement-required	
forge:nvidia-maisi-nim@nim-1-0-1-latest-digest	NVIDIA MAISI	forge-manifests	active	unresolved	R07-unassessed	low	false	no-capture-evidence;state-audit-pending	G-DIGEST;G-TOPOLOGY;G-CORRUPT;G-SEMEQ;G-ROLLBACK	conventional-pull-and-load	measurement-required	
forge:nvidia-molmim-nim@nim-1-0-0-regional-mirror-20260605	MolMIM NIM	forge-manifests	active	unresolved	R07-unassessed	low	false	access-gate:no-public-image-reference;no-capture-evidence;state-audit-pending	G-DIGEST;G-TOPOLOGY;G-CORRUPT;G-SEMEQ;G-ROLLBACK	conventional-pull-and-load	measurement-required	
forge:nvidia-nemoguard-jailbreak-detect-nim@nim-1-0-0-digest-6ab02c7-20260602	NVIDIA NemoGuard Jailbreak Detect	forge-manifests	active	unresolved	R07-unassessed	low	false	no-capture-evidence;state-audit-pending	G-DIGEST;G-TOPOLOGY;G-CORRUPT;G-SEMEQ;G-ROLLBACK	conventional-pull-and-load	measurement-required	
forge:nvidia-nemotron-nano-12b-v2-vl-nim@nim-1-5-0	NVIDIA Nemotron Nano 12B V2 VL	forge-manifests	active	unresolved	R07-unassessed	low	false	no-capture-evidence;state-audit-pending	G-DIGEST;G-TOPOLOGY;G-CORRUPT;G-SEMEQ;G-ROLLBACK	conventional-pull-and-load	measurement-required	
forge:nvidia-proteina-complexa-protein-target-160m-v1@protein-target-160m-v1	NVIDIA Proteina-Complexa Protein Target 160M	forge-manifests	active	unresolved	R05-closed-image	high	false	access-gate:no-public-image-reference;no-capture-evidence;no-digest-binding;state-audit-pending	G-DIGEST;G-TOPOLOGY;G-CORRUPT;G-SEMEQ;G-ROLLBACK	conventional-pull-and-load	blocked-until-digest-bound	
forge:nvidia-proteinmpnn-nim@nim-1-1-0-ngc-blocked	ProteinMPNN NIM	forge-manifests	active	unresolved	R05-closed-image	high	false	digest-rebind-required;no-capture-evidence;no-digest-binding;state-audit-pending	G-DIGEST;G-TOPOLOGY;G-CORRUPT;G-SEMEQ;G-ROLLBACK	conventional-pull-and-load	blocked-until-digest-bound	
forge:nvidia-vista3d-nim@nim-1-0-0-digest	NVIDIA VISTA-3D	forge-manifests	active	unresolved	R07-unassessed	low	false	access-gate:catalog-disabled;no-capture-evidence;state-audit-pending	G-DIGEST;G-TOPOLOGY;G-CORRUPT;G-SEMEQ;G-ROLLBACK	conventional-pull-and-load	measurement-required	
forge:openai-gpt-oss-120b-vllm@vllm-0-21-0-cuda13	OpenAI gpt-oss 120B	forge-manifests	active	unresolved	R07-unassessed	low	false	no-capture-evidence;state-audit-pending	G-DIGEST;G-TOPOLOGY;G-CORRUPT;G-SEMEQ;G-ROLLBACK	conventional-pull-and-load	measurement-required	
forge:openai-gpt-oss-20b-vllm@vllm-0-21-0-cuda13	OpenAI gpt-oss 20B	forge-manifests	active	unresolved	R07-unassessed	low	false	no-capture-evidence;state-audit-pending	G-DIGEST;G-TOPOLOGY;G-CORRUPT;G-SEMEQ;G-ROLLBACK	conventional-pull-and-load	measurement-required	
forge:openbmb-minicpm4-8b-vllm-cuda13@vllm-0-21-0-cuda13	MiniCPM4 8B	forge-manifests	active	unresolved	R07-unassessed	low	false	no-capture-evidence;state-audit-pending	G-DIGEST;G-TOPOLOGY;G-CORRUPT;G-SEMEQ;G-ROLLBACK	conventional-pull-and-load	measurement-required	
forge:openbmb-minicpm5-1b-vllm-cuda13@vllm-0-21-0-cuda13	MiniCPM5 1B	forge-manifests	active	unresolved	R07-unassessed	low	false	no-capture-evidence;state-audit-pending	G-DIGEST;G-TOPOLOGY;G-CORRUPT;G-SEMEQ;G-ROLLBACK	conventional-pull-and-load	measurement-required	
forge:openfold3-nim-b300-baseline@nim-1-4-0-b300-baseline	OpenFold3 NIM (B300 Baseline)	forge-manifests	active	unresolved	R07-unassessed	low	false	access-gate:catalog-disabled;access-gate:no-public-image-reference;no-capture-evidence;state-audit-pending	G-DIGEST;G-TOPOLOGY;G-CORRUPT;G-SEMEQ;G-ROLLBACK	conventional-pull-and-load	measurement-required	
forge:openfold3-nim@nim-1-5-0-rc1-security-upgrade	OpenFold3 NIM	forge-manifests	active	unresolved	R06-family-proven	medium	false	digest-rebind-required	G-DIGEST;G-TOPOLOGY;G-CORRUPT;G-SEMEQ;G-ROLLBACK	conventional-pull-and-load	measurement-required	
forge:openmed-ner-diseasedetect-biomed-335m-wrapper-cuda12@hf-a62e2a2-cuda12-cvefix-20260604t05z-r2	OpenMed DiseaseDetect BioMed 335M	forge-manifests	active	unresolved	R07-unassessed	low	false	access-gate:no-public-image-reference;no-capture-evidence;state-audit-pending	G-DIGEST;G-TOPOLOGY;G-CORRUPT;G-SEMEQ;G-ROLLBACK	conventional-pull-and-load	measurement-required	
forge:openmed-pathology-ner-tiny-wrapper-cuda12@hf751c87f-gliner026-cvefix-20260605	OpenMed ZeroShot NER Pathology Tiny 60M	forge-manifests	active	unresolved	R07-unassessed	low	false	access-gate:no-public-image-reference;no-capture-evidence;state-audit-pending	G-DIGEST;G-TOPOLOGY;G-CORRUPT;G-SEMEQ;G-ROLLBACK	conventional-pull-and-load	measurement-required	
forge:openmed-zeroshot-ner-pathology-tiny-60m-wrapper-cuda12-draft@hf751c87f-gliner026-cvefix-20260604t01z	OpenMed ZeroShot NER Pathology Tiny 60M	forge-manifests	active	unresolved	R07-unassessed	low	false	access-gate:no-public-image-reference;no-capture-evidence;state-audit-pending	G-DIGEST;G-TOPOLOGY;G-CORRUPT;G-SEMEQ;G-ROLLBACK	conventional-pull-and-load	measurement-required	
forge:openmm-md-8-5-1-wrapper@8.5.1-cuda12-wrapper-profiler-optimized-20260604	OpenMM Molecular Dynamics	forge-manifests	active	unresolved	R07-unassessed	low	false	access-gate:no-public-image-reference;no-capture-evidence;state-audit-pending	G-DIGEST;G-TOPOLOGY;G-CORRUPT;G-SEMEQ;G-ROLLBACK	conventional-pull-and-load	measurement-required	
forge:openmoss-team-mova-360p-sglang@360p	MOVA 360p	forge-manifests	active	unresolved	R07-unassessed	low	true	access-gate:no-public-image-reference;no-capture-evidence;state-audit-pending	G-DIGEST;G-TOPOLOGY;G-CORRUPT;G-SEMEQ;G-ROLLBACK;G-STORAGE	conventional-pull-and-load	measurement-required	
forge:openmoss-team-mova-720p-sglang@720p	MOVA 720p	forge-manifests	active	unresolved	R07-unassessed	low	true	access-gate:no-public-image-reference;no-capture-evidence;state-audit-pending	G-DIGEST;G-TOPOLOGY;G-CORRUPT;G-SEMEQ;G-ROLLBACK;G-STORAGE	conventional-pull-and-load	measurement-required	
forge:openvla-7b@7b	OpenVLA 7B	forge-manifests	active	unresolved	R07-unassessed	low	false	access-gate:no-public-image-reference;no-capture-evidence;state-audit-pending	G-DIGEST;G-TOPOLOGY;G-CORRUPT;G-SEMEQ;G-ROLLBACK	conventional-pull-and-load	measurement-required	
forge:panns-cnn14-audioset-cough@cnn14-map0431-forge-wrapper-20260706	PANNs CNN14 AudioSet Cough Baseline	forge-manifests	active	unresolved	R07-unassessed	low	false	access-gate:no-public-image-reference;no-capture-evidence;state-audit-pending	G-DIGEST;G-TOPOLOGY;G-CORRUPT;G-SEMEQ;G-ROLLBACK	conventional-pull-and-load	measurement-required	
forge:potsu-potsu-bge-base-biomedical-matryoshka-v3-tei-cuda-1-9@hf-11fb0a4-tei-cuda-1-9-3	BGE Base Biomedical Matryoshka v3	forge-manifests	active	unresolved	R07-unassessed	low	false	no-capture-evidence;state-audit-pending	G-DIGEST;G-TOPOLOGY;G-CORRUPT;G-SEMEQ;G-ROLLBACK	conventional-pull-and-load	measurement-required	
forge:potsu-potsu-medembed-small-biomedical-matryoshka-v2-tei-cuda-1-9@hf-0e64af8-tei-cuda-1-9-3	MedEmbed Small Biomedical Matryoshka v2	forge-manifests	active	unresolved	R07-unassessed	low	false	no-capture-evidence;state-audit-pending	G-DIGEST;G-TOPOLOGY;G-CORRUPT;G-SEMEQ;G-ROLLBACK	conventional-pull-and-load	measurement-required	
forge:potsu-potsu-medembed-small-biomedical-matryoshka-v2-vllm-cuda13@hf-0e64af8-vllm-0-21-0-cuda13-pooling	MedEmbed Small Biomedical Matryoshka v2	forge-manifests	active	unresolved	R07-unassessed	low	false	no-capture-evidence;state-audit-pending	G-DIGEST;G-TOPOLOGY;G-CORRUPT;G-SEMEQ;G-ROLLBACK	conventional-pull-and-load	measurement-required	
forge:qwen-qwen2-5-7b-instruct-vllm-cuda13@hf-a09a354-vllm-0-21-0-cuda13	Qwen2.5 7B Instruct	forge-manifests	active	unresolved	R07-unassessed	low	false	no-capture-evidence;state-audit-pending	G-DIGEST;G-TOPOLOGY;G-CORRUPT;G-SEMEQ;G-ROLLBACK	conventional-pull-and-load	measurement-required	
forge:qwen-qwen2-5-coder-7b-instruct-vllm-0-22-cuda13@hf-c03e6d3-vllm-0-22-0-cuda13-security-refresh	Qwen2.5-Coder 7B Instruct	forge-manifests	active	unresolved	R07-unassessed	low	false	no-capture-evidence;state-audit-pending	G-DIGEST;G-TOPOLOGY;G-CORRUPT;G-SEMEQ;G-ROLLBACK	conventional-pull-and-load	measurement-required	
forge:qwen-qwen2-5-coder-7b-instruct-vllm-cuda13@hf-c03e6d3-vllm-0-21-0-cuda13	Qwen2.5-Coder 7B Instruct	forge-manifests	active	unresolved	R07-unassessed	low	false	no-capture-evidence;state-audit-pending	G-DIGEST;G-TOPOLOGY;G-CORRUPT;G-SEMEQ;G-ROLLBACK	conventional-pull-and-load	measurement-required	
forge:qwen-qwen2-5-vl-7b-instruct-vllm@vllm-0-21-0	Qwen2.5-VL 7B Instruct	forge-manifests	active	unresolved	R07-unassessed	low	false	no-capture-evidence;state-audit-pending	G-DIGEST;G-TOPOLOGY;G-CORRUPT;G-SEMEQ;G-ROLLBACK	conventional-pull-and-load	measurement-required	
forge:qwen-qwen3-0-6b-vllm-cuda13@vllm-0-22-0-cuda13	Qwen3 0.6B	forge-manifests	active	unresolved	R07-unassessed	low	false	no-capture-evidence;state-audit-pending	G-DIGEST;G-TOPOLOGY;G-CORRUPT;G-SEMEQ;G-ROLLBACK	conventional-pull-and-load	measurement-required	
forge:qwen-qwen3-1-7b-vllm-cuda13@vllm-0-21-0-cuda13	Qwen3 1.7B	forge-manifests	active	unresolved	R07-unassessed	low	false	no-capture-evidence;state-audit-pending	G-DIGEST;G-TOPOLOGY;G-CORRUPT;G-SEMEQ;G-ROLLBACK	conventional-pull-and-load	measurement-required	
forge:qwen-qwen3-14b-vllm-cuda13@vllm-0-21-0-cuda13	Qwen3 14B	forge-manifests	active	unresolved	R07-unassessed	low	false	no-capture-evidence;state-audit-pending	G-DIGEST;G-TOPOLOGY;G-CORRUPT;G-SEMEQ;G-ROLLBACK	conventional-pull-and-load	measurement-required	
forge:qwen-qwen3-14b-vllm@vllm-0-10-2-cuda12-8	Qwen3 14B	forge-manifests	active	unresolved	R07-unassessed	low	false	no-capture-evidence;state-audit-pending	G-DIGEST;G-TOPOLOGY;G-CORRUPT;G-SEMEQ;G-ROLLBACK	conventional-pull-and-load	measurement-required	
forge:qwen-qwen3-30b-a3b-instruct-2507-bf16-vllm-cuda13@bf16-vllm-0-21-0-cuda13	Qwen3 30B A3B Instruct 2507 BF16	forge-manifests	active	unresolved	R07-unassessed	low	false	no-capture-evidence;state-audit-pending	G-DIGEST;G-TOPOLOGY;G-CORRUPT;G-SEMEQ;G-ROLLBACK	conventional-pull-and-load	measurement-required	
forge:qwen-qwen3-30b-a3b-instruct-2507-fp8-vllm-cuda13@fp8-vllm-0-21-0-cuda13	Qwen3 30B A3B Instruct 2507 FP8	forge-manifests	active	unresolved	R07-unassessed	low	false	no-capture-evidence;state-audit-pending	G-DIGEST;G-TOPOLOGY;G-CORRUPT;G-SEMEQ;G-ROLLBACK	conventional-pull-and-load	measurement-required	
forge:qwen-qwen3-4b-instruct-2507-vllm-cuda13@vllm-0-21-0-cuda13	Qwen3 4B Instruct 2507	forge-manifests	active	unresolved	R07-unassessed	low	false	no-capture-evidence;state-audit-pending	G-DIGEST;G-TOPOLOGY;G-CORRUPT;G-SEMEQ;G-ROLLBACK	conventional-pull-and-load	measurement-required	
forge:qwen-qwen3-4b-instruct-2507-vllm@vllm-0-10-2-cuda12-8	Qwen3 4B Instruct 2507	forge-manifests	active	unresolved	R07-unassessed	low	false	no-capture-evidence;state-audit-pending	G-DIGEST;G-TOPOLOGY;G-CORRUPT;G-SEMEQ;G-ROLLBACK	conventional-pull-and-load	measurement-required	
forge:qwen-qwen3-8b-vllm-cuda13@vllm-0-22-0-cuda13	Qwen3 8B	forge-manifests	active	unresolved	R07-unassessed	low	false	no-capture-evidence;state-audit-pending	G-DIGEST;G-TOPOLOGY;G-CORRUPT;G-SEMEQ;G-ROLLBACK	conventional-pull-and-load	measurement-required	
forge:qwen-qwen3-coder-30b-a3b-instruct-fp8-vllm@vllm-0-10-2-cuda12-8	Qwen3-Coder 30B A3B Instruct FP8	forge-manifests	active	unresolved	R07-unassessed	low	false	no-capture-evidence;state-audit-pending	G-DIGEST;G-TOPOLOGY;G-CORRUPT;G-SEMEQ;G-ROLLBACK	conventional-pull-and-load	measurement-required	
forge:qwen-qwen3-coder-next-fp8-vllm-cuda13@vllm-0-21-0-cuda13-tp4	Qwen3-Coder-Next FP8	forge-manifests	active	unresolved	R04-multi-gpu	high	false	multi-gpu-restore-unqualified;no-capture-evidence	G-DIGEST;G-TOPOLOGY;G-CORRUPT;G-SEMEQ;G-ROLLBACK	conventional-pull-and-load	measurement-required	
forge:qwen-qwen3-embedding-0-6b-tei-cuda-1-9@tei-cuda-1-9-3	Qwen3 Embedding 0.6B	forge-manifests	active	unresolved	R07-unassessed	low	false	no-capture-evidence;state-audit-pending	G-DIGEST;G-TOPOLOGY;G-CORRUPT;G-SEMEQ;G-ROLLBACK	conventional-pull-and-load	measurement-required	
forge:qwen-qwen3-embedding-0-6b-tei-cuda-sha-5bc4d88@tei-cuda-sha-5bc4d88	Qwen3 Embedding 0.6B	forge-manifests	active	unresolved	R07-unassessed	low	false	no-capture-evidence;state-audit-pending	G-DIGEST;G-TOPOLOGY;G-CORRUPT;G-SEMEQ;G-ROLLBACK	conventional-pull-and-load	measurement-required	
forge:qwen-qwen3-embedding-0-6b-vllm-cuda13@vllm-0-21-0-cuda13-embed	Qwen3 Embedding 0.6B	forge-manifests	active	unresolved	R07-unassessed	low	false	no-capture-evidence;state-audit-pending	G-DIGEST;G-TOPOLOGY;G-CORRUPT;G-SEMEQ;G-ROLLBACK	conventional-pull-and-load	measurement-required	
forge:qwen-qwen3-embedding-4b-tei-cuda-1-9@tei-cuda-1-9-3	Qwen3 Embedding 4B	forge-manifests	active	unresolved	R07-unassessed	low	false	no-capture-evidence;state-audit-pending	G-DIGEST;G-TOPOLOGY;G-CORRUPT;G-SEMEQ;G-ROLLBACK	conventional-pull-and-load	measurement-required	
forge:qwen-qwen3-embedding-4b-vllm-cuda13@vllm-0-21-0-cuda13-embed	Qwen3 Embedding 4B	forge-manifests	active	unresolved	R07-unassessed	low	false	no-capture-evidence;state-audit-pending	G-DIGEST;G-TOPOLOGY;G-CORRUPT;G-SEMEQ;G-ROLLBACK	conventional-pull-and-load	measurement-required	
forge:qwen-qwen3-embedding-8b-tei-cuda-1-9@tei-cuda-1-9-3	Qwen3 Embedding 8B	forge-manifests	active	unresolved	R07-unassessed	low	false	no-capture-evidence;state-audit-pending	G-DIGEST;G-TOPOLOGY;G-CORRUPT;G-SEMEQ;G-ROLLBACK	conventional-pull-and-load	measurement-required	
forge:qwen-qwen3-embedding-8b-vllm-cuda13@vllm-0-21-0-cuda13-embed	Qwen3 Embedding 8B	forge-manifests	active	unresolved	R07-unassessed	low	false	no-capture-evidence;state-audit-pending	G-DIGEST;G-TOPOLOGY;G-CORRUPT;G-SEMEQ;G-ROLLBACK	conventional-pull-and-load	measurement-required	
forge:qwen-qwen3-next-80b-a3b-instruct-fp8-vllm@vllm-0-21-0-cuda13-tp4	Qwen3-Next 80B A3B Instruct FP8	forge-manifests	active	unresolved	R04-multi-gpu	high	false	multi-gpu-restore-unqualified;no-capture-evidence	G-DIGEST;G-TOPOLOGY;G-CORRUPT;G-SEMEQ;G-ROLLBACK	conventional-pull-and-load	measurement-required	
forge:qwen-qwen3-reranker-0-6b-vllm-cuda13@vllm-0-21-0-cuda13-rerank	Qwen3 Reranker 0.6B	forge-manifests	active	unresolved	R07-unassessed	low	false	no-capture-evidence;state-audit-pending	G-DIGEST;G-TOPOLOGY;G-CORRUPT;G-SEMEQ;G-ROLLBACK	conventional-pull-and-load	measurement-required	
forge:qwen-qwen3-reranker-4b-vllm-cuda13@vllm-0-21-0-cuda13-rerank	Qwen3 Reranker 4B	forge-manifests	active	unresolved	R07-unassessed	low	false	no-capture-evidence;state-audit-pending	G-DIGEST;G-TOPOLOGY;G-CORRUPT;G-SEMEQ;G-ROLLBACK	conventional-pull-and-load	measurement-required	
forge:qwen-qwen3-vl-4b-instruct-vllm-cuda13@vllm-0-21-0-cuda13-vision-chat	Qwen3-VL 4B Instruct	forge-manifests	active	unresolved	R07-unassessed	low	false	no-capture-evidence;state-audit-pending	G-DIGEST;G-TOPOLOGY;G-CORRUPT;G-SEMEQ;G-ROLLBACK	conventional-pull-and-load	measurement-required	
forge:qwen-qwen3-vl-reranker-2b-vllm-cuda13@vllm-0-21-0-cuda13-vision-rerank-onboarding	Qwen3-VL Reranker 2B	forge-manifests	active	unresolved	R07-unassessed	low	false	no-capture-evidence;state-audit-pending	G-DIGEST;G-TOPOLOGY;G-CORRUPT;G-SEMEQ;G-ROLLBACK	conventional-pull-and-load	measurement-required	
forge:rail-berkeley-octo-small-1-5@small-1-5	RAIL Berkeley Octo Small	forge-manifests	active	unresolved	R07-unassessed	low	false	access-gate:no-public-image-reference;no-capture-evidence;state-audit-pending	G-DIGEST;G-TOPOLOGY;G-CORRUPT;G-SEMEQ;G-ROLLBACK	conventional-pull-and-load	measurement-required	
forge:redhatai-qwen3-next-80b-a3b-thinking-fp8-dynamic-vllm@vllm-0-21-0-cuda13-tp2	Qwen3-Next 80B A3B Thinking FP8 Dynamic	forge-manifests	active	unresolved	R04-multi-gpu	high	false	multi-gpu-restore-unqualified;no-capture-evidence	G-DIGEST;G-TOPOLOGY;G-CORRUPT;G-SEMEQ;G-ROLLBACK	conventional-pull-and-load	measurement-required	canary-multi-gpu-conventional
forge:rfdiffusion-nim@nim-2-3-0-regional-mirror-onboarding	RFdiffusion NIM	forge-manifests	active	unresolved	R06-family-proven	medium	false	digest-rebind-required	G-DIGEST;G-TOPOLOGY;G-CORRUPT;G-SEMEQ;G-ROLLBACK	conventional-pull-and-load	measurement-required	
forge:robotics-diffusion-transformer-rdt-170m@rdt-170m	Robotics Diffusion Transformer RDT-170M	forge-manifests	active	unresolved	R07-unassessed	low	false	access-gate:no-public-image-reference;no-capture-evidence;state-audit-pending	G-DIGEST;G-TOPOLOGY;G-CORRUPT;G-SEMEQ;G-ROLLBACK	conventional-pull-and-load	measurement-required	
forge:robotics-diffusion-transformer-rdt2-vq@rdt2-vq	Robotics Diffusion Transformer RDT2-VQ	forge-manifests	active	unresolved	R07-unassessed	low	false	access-gate:no-public-image-reference;no-capture-evidence;state-audit-pending	G-DIGEST;G-TOPOLOGY;G-CORRUPT;G-SEMEQ;G-ROLLBACK	conventional-pull-and-load	measurement-required	
forge:sberroboticscenter-greenvla-2b-base@2b-base	SberRoboticsCenter GreenVLA 2B Base	forge-manifests	active	unresolved	R07-unassessed	low	false	access-gate:no-public-image-reference;no-capture-evidence;state-audit-pending	G-DIGEST;G-TOPOLOGY;G-CORRUPT;G-SEMEQ;G-ROLLBACK	conventional-pull-and-load	measurement-required	
forge:sentence-transformers-all-minilm-l6-v2-tei-cuda-1-9@tei-cuda-1-9-3	All-MiniLM-L6-v2	forge-manifests	active	unresolved	R07-unassessed	low	false	no-capture-evidence;state-audit-pending	G-DIGEST;G-TOPOLOGY;G-CORRUPT;G-SEMEQ;G-ROLLBACK	conventional-pull-and-load	measurement-required	
forge:sinai-alia-mrbert-es-biomedical-embeddings-tei-cuda-1-9@hf-1088e9b-tei-cuda-1-9-3	ALIA MrBERT Spanish Biomedical Embeddings	forge-manifests	active	unresolved	R07-unassessed	low	false	no-capture-evidence;state-audit-pending	G-DIGEST;G-TOPOLOGY;G-CORRUPT;G-SEMEQ;G-ROLLBACK	conventional-pull-and-load	measurement-required	
forge:sinai-alia-mrbert-es-biomedical-embeddings-vllm-cuda13@hf-1088e9b-vllm-0-21-0-cuda13-pooling	ALIA MrBERT Spanish Biomedical Embeddings	forge-manifests	active	unresolved	R07-unassessed	low	false	no-capture-evidence;state-audit-pending	G-DIGEST;G-TOPOLOGY;G-CORRUPT;G-SEMEQ;G-ROLLBACK	conventional-pull-and-load	measurement-required	
forge:snowflake-arctic-embed-l-v2-0-tei-cuda-1-9@tei-cuda-1-9-3	Snowflake Arctic Embed L v2.0	forge-manifests	active	unresolved	R07-unassessed	low	false	no-capture-evidence;state-audit-pending	G-DIGEST;G-TOPOLOGY;G-CORRUPT;G-SEMEQ;G-ROLLBACK	conventional-pull-and-load	measurement-required	
forge:snowflake-arctic-embed-m-v2-0-tei-cuda-1-9@tei-cuda-1-9-3	Snowflake Arctic Embed M v2.0	forge-manifests	active	unresolved	R07-unassessed	low	false	no-capture-evidence;state-audit-pending	G-DIGEST;G-TOPOLOGY;G-CORRUPT;G-SEMEQ;G-ROLLBACK	conventional-pull-and-load	measurement-required	
forge:stanfordcrfm-biomedlm-2-7b-safety-review@hf-3e1a0ab-life-science-20260426-fix2	BioMedLM 2.7B	forge-manifests	active	unresolved	R07-unassessed	low	false	access-gate:no-public-image-reference;no-capture-evidence;state-audit-pending	G-DIGEST;G-TOPOLOGY;G-CORRUPT;G-SEMEQ;G-ROLLBACK	conventional-pull-and-load	measurement-required	
forge:tomaarsen-reranker-pubmedbert-base-miriad-150k-tei-cuda-1-9@hf-24fb97a-tei-cuda-1-9-3-preflight	PubMedBERT MIRIAD 150k Reranker	forge-manifests	active	unresolved	R07-unassessed	low	false	no-capture-evidence;state-audit-pending	G-DIGEST;G-TOPOLOGY;G-CORRUPT;G-SEMEQ;G-ROLLBACK	conventional-pull-and-load	measurement-required	
forge:tomaarsen-reranker-pubmedbert-base-miriad-150k-wrapper-cuda12@hf-24fb97a-wrapper-cuda12-safetensors-cvefix-local-smoke	PubMedBERT MIRIAD 150k Reranker	forge-manifests	active	unresolved	R05-closed-image	high	false	access-gate:no-public-image-reference;no-capture-evidence;no-digest-binding;state-audit-pending	G-DIGEST;G-TOPOLOGY;G-CORRUPT;G-SEMEQ;G-ROLLBACK	conventional-pull-and-load	blocked-until-digest-bound	
forge:tri-ml-foundry-qwen3vla-2-1b@qwen3vla-2-1b	TRI-ML Foundry-Qwen3VLA 2.1B	forge-manifests	active	unresolved	R07-unassessed	low	false	access-gate:no-public-image-reference;no-capture-evidence;state-audit-pending	G-DIGEST;G-TOPOLOGY;G-CORRUPT;G-SEMEQ;G-ROLLBACK	conventional-pull-and-load	measurement-required	
forge:wan-ai-wan2-2-ti2v-5b-sglang@5b	Wan2.2 TI2V 5B	forge-manifests	active	unresolved	R07-unassessed	low	false	access-gate:no-public-image-reference;no-capture-evidence;state-audit-pending	G-DIGEST;G-TOPOLOGY;G-CORRUPT;G-SEMEQ;G-ROLLBACK	conventional-pull-and-load	measurement-required	
forge:x-square-robot-wall-oss-flow@flow	X Square Robot WALL-OSS Flow	forge-manifests	active	unresolved	R05-closed-image	high	false	access-gate:no-public-image-reference;no-capture-evidence;no-digest-binding;state-audit-pending	G-DIGEST;G-TOPOLOGY;G-CORRUPT;G-SEMEQ;G-ROLLBACK	conventional-pull-and-load	blocked-until-digest-bound	
forge:zai-org-glm-4-5-air-fp8-vllm-cuda13@vllm-0-21-0-cuda13-single-gpu-probe	GLM-4.5-Air FP8	forge-manifests	active	unresolved	R07-unassessed	low	false	no-capture-evidence;state-audit-pending	G-DIGEST;G-TOPOLOGY;G-CORRUPT;G-SEMEQ;G-ROLLBACK	conventional-pull-and-load	measurement-required	
forge:zhihan1996-dnabert-2-117m-dna-embedding@hf-main-clawbio-dnabert-tupleout-20260605	DNABERT-2 117M DNA Embeddings	forge-manifests	active	unresolved	R07-unassessed	low	false	access-gate:no-public-image-reference;no-capture-evidence;state-audit-pending	G-DIGEST;G-TOPOLOGY;G-CORRUPT;G-SEMEQ;G-ROLLBACK	conventional-pull-and-load	measurement-required	
nims-terraform:bionemo@nightly	BioNeMo Notebook	nims-terraform-catalog	excluded-non-serving	conventional-only	R02-non-serving	high	false	non-serving-row	G-DIGEST;G-SEMEQ;G-ROLLBACK	conventional-pull-and-load	excluded	
nims-terraform:boltz2@latest	Boltz2	nims-terraform-catalog	active	unresolved	R05-closed-image	high	false	digest-rebind-required;no-capture-evidence;no-digest-binding;state-audit-pending	G-DIGEST;G-TOPOLOGY;G-CORRUPT;G-SEMEQ;G-ROLLBACK	conventional-pull-and-load	blocked-until-digest-bound	
nims-terraform:cosmos-embed1@1.0.0	Cosmos-Embed1	nims-terraform-catalog	active	unresolved	R05-closed-image	high	false	no-capture-evidence;no-digest-binding;state-audit-pending	G-DIGEST;G-TOPOLOGY;G-CORRUPT;G-SEMEQ;G-ROLLBACK	conventional-pull-and-load	blocked-until-digest-bound	
nims-terraform:cosmos-reason1-7b@latest	Cosmos-Reason1-7B	nims-terraform-catalog	active	unresolved	R05-closed-image	high	false	no-capture-evidence;no-digest-binding;state-audit-pending	G-DIGEST;G-TOPOLOGY;G-CORRUPT;G-SEMEQ;G-ROLLBACK	conventional-pull-and-load	blocked-until-digest-bound	
nims-terraform:cosmos-reason2-2b@1.6.0	Cosmos-Reason2-2B	nims-terraform-catalog	active	unresolved	R05-closed-image	high	false	no-capture-evidence;no-digest-binding;state-audit-pending	G-DIGEST;G-TOPOLOGY;G-CORRUPT;G-SEMEQ;G-ROLLBACK	conventional-pull-and-load	blocked-until-digest-bound	
nims-terraform:cosmos-reason2-8b@1.6.0	Cosmos-Reason2-8B	nims-terraform-catalog	active	unresolved	R05-closed-image	high	false	no-capture-evidence;no-digest-binding;state-audit-pending	G-DIGEST;G-TOPOLOGY;G-CORRUPT;G-SEMEQ;G-ROLLBACK	conventional-pull-and-load	blocked-until-digest-bound	
nims-terraform:diffdock@latest	DiffDock	nims-terraform-catalog	active	unresolved	R05-closed-image	high	false	digest-rebind-required;no-capture-evidence;no-digest-binding;state-audit-pending	G-DIGEST;G-TOPOLOGY;G-CORRUPT;G-SEMEQ;G-ROLLBACK	conventional-pull-and-load	blocked-until-digest-bound	
nims-terraform:evo2-40b@latest	Evo2-40B	nims-terraform-catalog	active	unresolved	R04-multi-gpu	high	false	multi-gpu-restore-unqualified;no-capture-evidence	G-DIGEST;G-TOPOLOGY;G-CORRUPT;G-SEMEQ;G-ROLLBACK	conventional-pull-and-load	measurement-required	
nims-terraform:genmol@latest	GenMol	nims-terraform-catalog	active	unresolved	R05-closed-image	high	false	digest-rebind-required;no-capture-evidence;no-digest-binding;state-audit-pending	G-DIGEST;G-TOPOLOGY;G-CORRUPT;G-SEMEQ;G-ROLLBACK	conventional-pull-and-load	blocked-until-digest-bound	
nims-terraform:molmim@1.0.0	MolMIM	nims-terraform-catalog	active	unresolved	R05-closed-image	high	false	digest-rebind-required;no-capture-evidence;no-digest-binding;state-audit-pending	G-DIGEST;G-TOPOLOGY;G-CORRUPT;G-SEMEQ;G-ROLLBACK	conventional-pull-and-load	blocked-until-digest-bound	
nims-terraform:msa-search@latest	MSA Search	nims-terraform-catalog	active	unresolved	R05-closed-image	high	false	no-capture-evidence;no-digest-binding;state-audit-pending	G-DIGEST;G-TOPOLOGY;G-CORRUPT;G-SEMEQ;G-ROLLBACK	conventional-pull-and-load	blocked-until-digest-bound	
nims-terraform:nemotron-nano-12b-v2-vl@1.6.0	Nemotron Nano 12B v2 VL	nims-terraform-catalog	active	unresolved	R05-closed-image	high	false	no-capture-evidence;no-digest-binding;state-audit-pending	G-DIGEST;G-TOPOLOGY;G-CORRUPT;G-SEMEQ;G-ROLLBACK	conventional-pull-and-load	blocked-until-digest-bound	
nims-terraform:openfold2@latest	OpenFold2	nims-terraform-catalog	active	unresolved	R05-closed-image	high	false	digest-rebind-required;no-capture-evidence;no-digest-binding;state-audit-pending	G-DIGEST;G-TOPOLOGY;G-CORRUPT;G-SEMEQ;G-ROLLBACK	conventional-pull-and-load	blocked-until-digest-bound	
nims-terraform:openfold3@latest	OpenFold3	nims-terraform-catalog	active	unresolved	R05-closed-image	high	false	digest-rebind-required;no-capture-evidence;no-digest-binding;state-audit-pending	G-DIGEST;G-TOPOLOGY;G-CORRUPT;G-SEMEQ;G-ROLLBACK	conventional-pull-and-load	blocked-until-digest-bound	
nims-terraform:proteinmpnn@1.0.2	ProteinMPNN	nims-terraform-catalog	active	unresolved	R05-closed-image	high	false	digest-rebind-required;no-capture-evidence;no-digest-binding;state-audit-pending	G-DIGEST;G-TOPOLOGY;G-CORRUPT;G-SEMEQ;G-ROLLBACK	conventional-pull-and-load	blocked-until-digest-bound	
nims-terraform:qwen3-next-80b-a3b-instruct@latest	Qwen3 Next 80B A3B Instruct	nims-terraform-catalog	active	unresolved	R04-multi-gpu	high	false	multi-gpu-restore-unqualified;no-capture-evidence	G-DIGEST;G-TOPOLOGY;G-CORRUPT;G-SEMEQ;G-ROLLBACK	conventional-pull-and-load	measurement-required	
nims-terraform:rfdiffusion@2.2.0	RFdiffusion	nims-terraform-catalog	active	unresolved	R05-closed-image	high	false	digest-rebind-required;no-capture-evidence;no-digest-binding;state-audit-pending	G-DIGEST;G-TOPOLOGY;G-CORRUPT;G-SEMEQ;G-ROLLBACK	conventional-pull-and-load	blocked-until-digest-bound	
