trace_family	policy	sensitivity	n_requests	n_completed	n_rejected	n_failed	p50_s	p95_s	p99_s	goodput_30s	goodput_60s	goodput_120s	hot_hit_rate	l1_hit_rate	evictions	fetched_gib	reserved_gpu_hours	utilization	cost_usd
adversarial	snapshot+shortest-switch-cost+lru	base	1789	1789	0	0	22.715281	127.676381	546.597920	0.6495	0.8642	0.9391	0.1543	0.7356	60	7173.88	47.25	0.3696	282.88
adversarial	snapshot+shortest-switch-cost+lfu	base	1789	1789	0	0	23.541255	128.607797	512.795600	0.6294	0.8524	0.9402	0.1470	0.7255	53	7470.20	47.25	0.3846	288.79
adversarial	snapshot+shortest-switch-cost+size	base	1789	1789	0	0	21.710652	121.668682	442.331026	0.6713	0.8944	0.9480	0.1481	0.7786	20	6834.02	48.17	0.3326	278.78
adversarial	snapshot+shortest-switch-cost+gdsf	base	1789	1789	0	0	21.698956	122.029698	454.045354	0.6696	0.8770	0.9480	0.1576	0.7697	22	6016.05	47.75	0.3395	261.19
adversarial	snapshot+least-loaded+lru	base	1789	1789	0	0	192.379094	951.471120	1442.514356	0.0855	0.2158	0.3605	0.0045	0.0827	1021	32112.95	56.73	0.8683	809.60
adversarial	conventional+shortest-switch-cost+lru	base	1789	1789	0	0	830.615448	3148.684022	4844.845072	0.0257	0.0313	0.1129	0.0553	0.3404	382	15101.47	76.79	0.7496	528.55
adversarial	snapshot+shortest-switch-cost+lru+topk-adaptive-k8	base	1789	1789	0	0	23.088953	126.055837	482.413454	0.6411	0.8575	0.9402	0.1537	0.7412	102	6842.28	47.68	0.3588	277.51
adversarial	snapshot+shortest-switch-cost+lru+bounded-queue	base	1789	1789	0	0	21.855421	121.041016	437.982831	0.6624	0.8670	0.9486	0.1448	0.7764	53	5879.95	48.00	0.3334	259.20
adversarial	snapshot+shortest-switch-cost+lru+pipeline-next	base	1789	1789	0	0	22.883123	121.668682	470.073055	0.6484	0.8686	0.9486	0.1459	0.7893	335	12747.16	47.43	0.3546	394.87
adversarial	snapshot+shortest-switch-cost+lru	low	1789	1789	0	0	28.063776	403.817247	689.187887	0.5182	0.7663	0.8474	0.1397	0.5869	318	10431.06	48.43	0.5378	92.02
adversarial	snapshot+shortest-switch-cost+gdsf	low	1789	1789	0	0	24.202128	418.524222	689.455547	0.5690	0.7703	0.8485	0.1442	0.6260	158	10843.12	47.37	0.5482	90.01
adversarial	conventional+shortest-switch-cost+lru	low	1789	1789	0	0	1013.579990	5848.846759	8695.496345	0.0296	0.0430	0.1375	0.0587	0.2538	770	18673.22	108.46	0.5919	206.08
adversarial	snapshot+shortest-switch-cost+lru	high	1789	1789	0	0	30.887369	151.119366	738.064984	0.4796	0.7999	0.9206	0.1437	0.7552	0	8261.07	47.64	0.4461	943.57
adversarial	snapshot+shortest-switch-cost+gdsf	high	1789	1789	0	0	30.979761	150.274203	715.307517	0.4824	0.7971	0.9201	0.1548	0.7663	3	8033.89	47.92	0.4310	924.31
adversarial	conventional+shortest-switch-cost+lru	high	1789	1789	0	0	5302.635225	23174.019588	26010.894454	0.0039	0.0050	0.0073	0.0447	0.2577	565	30872.49	229.77	0.5163	3743.54
bursty	snapshot+shortest-switch-cost+lru	base	3964	3964	0	0	28.070925	3748.099011	4704.666650	0.5174	0.6458	0.7192	0.4884	0.8713	41	7331.53	80.21	0.2891	383.25
bursty	snapshot+shortest-switch-cost+lfu	base	3964	3964	0	0	33.065940	841.743791	2005.358311	0.4791	0.6241	0.6965	0.4659	0.8739	36	7051.21	53.93	0.4337	300.11
bursty	snapshot+shortest-switch-cost+size	base	3964	3964	0	0	29.352953	869.794062	1331.110186	0.5043	0.6430	0.7563	0.4675	0.8832	5	6181.52	54.05	0.4221	283.09
bursty	snapshot+shortest-switch-cost+gdsf	base	3964	3964	0	0	24.778098	731.817790	1867.701391	0.5469	0.6978	0.7999	0.4773	0.8877	18	5550.00	51.17	0.4285	261.97
bursty	snapshot+least-loaded+lru	base	3964	3964	0	0	1377.262352	2993.416362	3434.706929	0.0101	0.0247	0.0401	0.0704	0.5336	1273	31386.68	73.07	0.8839	843.30
bursty	conventional+shortest-switch-cost+lru	base	3964	3964	0	0	2201.912649	13647.117988	16336.542656	0.0204	0.0346	0.0898	0.3678	0.6839	518	17127.59	167.12	0.4906	835.55
bursty	snapshot+shortest-switch-cost+lru+topk-adaptive-k8	base	3964	3964	0	0	32.250728	1383.160029	1809.035651	0.4856	0.6266	0.7175	0.4760	0.8736	46	6405.35	58.43	0.4067	300.48
bursty	snapshot+shortest-switch-cost+lru+bounded-queue	base	3964	3964	0	0	25.095886	210.136923	647.327237	0.5499	0.7172	0.8421	0.4574	0.8842	30	6191.34	50.99	0.4490	274.24
bursty	snapshot+shortest-switch-cost+lru+pipeline-next	base	3964	3964	0	0	27.249724	1227.860432	1924.559768	0.5197	0.6602	0.7528	0.4788	0.8996	234	11820.20	59.84	0.3812	412.93
bursty	snapshot+shortest-switch-cost+lru	low	3964	3964	0	0	31.331856	451.217870	1330.000961	0.4937	0.6529	0.7694	0.4490	0.8350	151	8138.62	53.12	0.4946	100.93
bursty	snapshot+shortest-switch-cost+gdsf	low	3964	3964	0	0	31.281615	397.963576	1136.692106	0.4907	0.6521	0.7588	0.4384	0.8529	74	8353.94	50.34	0.5230	95.64
bursty	conventional+shortest-switch-cost+lru	low	3964	3958	0	6	1382.885973	18345.812454	19652.716461	0.0320	0.0527	0.1138	0.4035	0.7107	499	13281.61	173.53	0.3993	329.70
bursty	snapshot+shortest-switch-cost+lru	high	3964	3964	0	0	47.131045	1404.205923	2032.318794	0.3824	0.5628	0.6698	0.4165	0.8640	0	9102.11	56.11	0.5481	1054.84
bursty	snapshot+shortest-switch-cost+gdsf	high	3964	3964	0	0	52.418687	1801.380351	2979.337285	0.3706	0.5358	0.6329	0.4326	0.8648	0	8514.72	59.94	0.5112	1018.08
bursty	conventional+shortest-switch-cost+lru	high	3964	3964	0	0	8144.852845	41377.235007	52426.911107	0.0061	0.0114	0.0182	0.3797	0.6544	515	30497.21	447.81	0.3637	4625.56
correlated	snapshot+shortest-switch-cost+lru	base	1689	1689	0	0	24.471820	149.165312	491.120027	0.6081	0.8313	0.9272	0.1267	0.7348	86	6993.69	49.26	0.3588	285.19
correlated	snapshot+shortest-switch-cost+lfu	base	1689	1689	0	0	24.002472	146.333065	546.271158	0.6199	0.8425	0.9266	0.1237	0.7271	104	7803.11	48.85	0.3650	300.16
correlated	snapshot+shortest-switch-cost+size	base	1689	1689	0	0	24.276102	178.466072	554.653988	0.6157	0.8277	0.9136	0.1119	0.7336	23	8240.74	48.32	0.3801	307.35
correlated	snapshot+shortest-switch-cost+gdsf	base	1689	1689	0	0	24.525876	149.934099	484.941028	0.6086	0.8478	0.9290	0.1273	0.7413	31	7222.07	49.09	0.3492	289.24
correlated	snapshot+least-loaded+lru	base	1689	1689	0	0	210.862787	911.073738	1377.272770	0.0681	0.1989	0.3375	0.0071	0.0817	1061	33345.25	59.09	0.8510	841.21
correlated	conventional+shortest-switch-cost+lru	base	1689	1689	0	0	638.363260	2970.850005	3403.930663	0.0207	0.0243	0.1131	0.0480	0.3079	485	18292.91	72.82	0.8001	580.67
correlated	snapshot+shortest-switch-cost+lru+topk-adaptive-k8	base	1689	1689	0	0	24.828551	149.165312	490.417988	0.5933	0.8259	0.9295	0.1119	0.7140	97	7809.80	49.09	0.3822	301.01
correlated	snapshot+shortest-switch-cost+lru+bounded-queue	base	1689	1689	0	0	24.695343	147.824557	483.604439	0.5927	0.8218	0.9242	0.1172	0.6992	86	8073.77	48.75	0.3721	305.30
correlated	snapshot+shortest-switch-cost+lru+pipeline-next	base	1689	1689	0	0	24.839043	165.330080	546.564337	0.6004	0.8206	0.9201	0.1101	0.7549	356	13953.75	49.42	0.3713	424.86
correlated	snapshot+shortest-switch-cost+lru	low	1689	1689	0	0	31.185414	413.640191	620.603946	0.4932	0.7318	0.8247	0.1190	0.5702	348	11499.88	49.61	0.5313	94.26
correlated	snapshot+shortest-switch-cost+gdsf	low	1689	1689	0	0	28.576128	400.607576	584.465317	0.5163	0.7561	0.8342	0.1220	0.6063	154	11310.47	49.74	0.5213	94.50
correlated	conventional+shortest-switch-cost+lru	low	1689	1687	0	2	855.848270	4963.366836	6466.867452	0.0172	0.0379	0.1528	0.0634	0.2828	677	17432.89	99.95	0.6231	189.90
correlated	snapshot+shortest-switch-cost+lru	high	1689	1689	0	0	32.933792	166.676972	701.480897	0.4512	0.7756	0.9017	0.1255	0.7419	17	9096.82	50.01	0.4318	1028.74
correlated	snapshot+shortest-switch-cost+gdsf	high	1689	1689	0	0	32.407917	151.997786	691.002555	0.4541	0.7655	0.9147	0.1249	0.7436	5	9337.82	47.56	0.4458	1040.15
correlated	conventional+shortest-switch-cost+lru	high	1689	1689	0	0	5020.883489	18892.496216	31157.515323	0.0095	0.0112	0.0166	0.0474	0.2416	513	32047.62	262.71	0.4416	3987.69
uniform	snapshot+shortest-switch-cost+lru	base	1796	1796	0	0	23.462981	147.840545	555.649811	0.6353	0.8447	0.9276	0.1314	0.7439	72	7371.46	51.32	0.3591	298.84
uniform	snapshot+shortest-switch-cost+lfu	base	1796	1796	0	0	23.133667	126.280083	441.582913	0.6353	0.8536	0.9427	0.1130	0.7556	80	6082.77	49.13	0.3528	266.58
uniform	snapshot+shortest-switch-cost+size	base	1796	1796	0	0	22.954821	146.376325	451.054328	0.6448	0.8536	0.9326	0.1281	0.7673	22	7314.59	48.24	0.3626	288.61
uniform	snapshot+shortest-switch-cost+gdsf	base	1796	1796	0	0	24.175351	151.918220	492.778503	0.6175	0.8291	0.9220	0.1192	0.7266	68	7746.69	47.71	0.3969	295.66
uniform	snapshot+least-loaded+lru	base	1796	1796	0	0	481.506258	1507.272927	2146.239957	0.0429	0.1024	0.1854	0.0050	0.0785	1084	33292.42	64.94	0.8150	857.42
uniform	conventional+shortest-switch-cost+lru	base	1796	1796	0	0	896.278993	5099.209458	5786.265654	0.0273	0.0301	0.1258	0.0445	0.2984	528	18328.53	91.85	0.6535	637.54
uniform	snapshot+shortest-switch-cost+lru+topk-adaptive-k8	base	1796	1796	0	0	23.656043	147.154489	446.397080	0.6225	0.8402	0.9226	0.1097	0.7634	97	6985.76	48.05	0.3775	281.45
uniform	snapshot+shortest-switch-cost+lru+bounded-queue	base	1796	1796	0	0	23.145210	128.307384	441.937570	0.6481	0.8653	0.9399	0.1258	0.7656	86	6305.86	50.46	0.3364	274.99
uniform	snapshot+shortest-switch-cost+lru+pipeline-next	base	1796	1796	0	0	23.408349	146.072637	521.306347	0.6470	0.8463	0.9315	0.1136	0.7790	359	12961.25	48.09	0.3825	401.10
uniform	snapshot+shortest-switch-cost+lru	low	1796	1796	0	0	25.374014	340.454825	600.285826	0.5635	0.7945	0.8725	0.1108	0.6236	291	9216.62	51.81	0.4761	98.44
uniform	snapshot+shortest-switch-cost+gdsf	low	1796	1796	0	0	24.571679	377.552729	669.107117	0.5612	0.7622	0.8480	0.1125	0.6414	175	10706.29	51.78	0.5118	98.39
uniform	conventional+shortest-switch-cost+lru	low	1796	1796	0	0	703.563439	4429.131167	7249.337790	0.0412	0.0640	0.1854	0.0807	0.3241	637	15978.40	102.05	0.5924	193.89
uniform	snapshot+shortest-switch-cost+lru	high	1796	1796	0	0	32.685584	150.071694	608.556748	0.4460	0.7951	0.9198	0.1158	0.7584	3	7949.37	48.47	0.4551	919.01
uniform	snapshot+shortest-switch-cost+gdsf	high	1796	1796	0	0	31.552700	147.686020	558.578148	0.4594	0.7873	0.9170	0.1192	0.7678	0	7667.21	48.80	0.4436	894.99
uniform	conventional+shortest-switch-cost+lru	high	1796	1796	0	0	5610.773936	18250.791810	21645.381058	0.0122	0.0150	0.0167	0.0457	0.2311	560	31890.51	207.29	0.5729	3740.78
zipf	snapshot+shortest-switch-cost+lru	base	1847	1847	0	0	9.440329	149.972938	449.603369	0.7612	0.8868	0.9334	0.4488	0.7937	95	6163.15	48.50	0.2600	266.33
zipf	snapshot+shortest-switch-cost+lfu	base	1847	1847	0	0	8.300722	103.222427	392.060692	0.7845	0.9117	0.9551	0.4559	0.8127	85	5916.86	47.71	0.2412	259.07
zipf	snapshot+shortest-switch-cost+size	base	1847	1847	0	0	8.182258	103.132601	386.731643	0.7916	0.9069	0.9561	0.4705	0.8246	18	5430.42	48.03	0.2287	250.28
zipf	snapshot+shortest-switch-cost+gdsf	base	1847	1847	0	0	11.957346	147.887994	477.588571	0.7547	0.8831	0.9361	0.4510	0.8083	32	5652.78	47.22	0.2619	252.34
zipf	snapshot+least-loaded+lru	base	1847	1847	0	0	20.229244	409.323641	686.743203	0.5966	0.8100	0.8609	0.0698	0.4846	439	18451.29	53.80	0.5990	527.75
zipf	conventional+shortest-switch-cost+lru	base	1847	1847	0	0	19.636331	215.887560	360.505043	0.5068	0.5393	0.8045	0.5008	0.7623	68	6720.80	49.74	0.5605	281.14
zipf	snapshot+shortest-switch-cost+lru+topk-adaptive-k8	base	1847	1847	0	0	8.091174	107.822938	429.789915	0.7948	0.9145	0.9534	0.4797	0.8170	50	5368.98	47.73	0.2442	248.19
zipf	snapshot+shortest-switch-cost+lru+bounded-queue	base	1847	1847	0	0	7.770063	104.292070	392.584376	0.7878	0.9107	0.9529	0.5181	0.8132	82	5329.93	47.56	0.2353	246.89
zipf	snapshot+shortest-switch-cost+lru+pipeline-next	base	1847	1847	0	0	9.504182	121.668682	441.942008	0.7694	0.8939	0.9469	0.4727	0.8322	272	10057.04	47.29	0.2643	340.65
zipf	snapshot+shortest-switch-cost+lru	low	1847	1847	0	0	6.152073	236.789832	487.309539	0.7574	0.8766	0.9177	0.5106	0.7677	175	6570.47	48.83	0.3163	92.79
zipf	snapshot+shortest-switch-cost+gdsf	low	1847	1847	0	0	10.199312	277.706495	539.488282	0.6946	0.8441	0.9020	0.4375	0.7482	101	7322.49	48.73	0.3482	92.58
zipf	conventional+shortest-switch-cost+lru	low	1847	1847	0	0	37.323527	294.573210	614.589475	0.4943	0.5636	0.8338	0.4721	0.7542	116	5822.00	51.25	0.5441	97.38
zipf	snapshot+shortest-switch-cost+lru	high	1847	1847	0	0	14.002385	128.245219	497.754668	0.6892	0.8749	0.9404	0.4808	0.8278	19	7146.63	48.54	0.2924	847.08
zipf	snapshot+shortest-switch-cost+gdsf	high	1847	1847	0	0	13.874145	130.184203	519.201940	0.6898	0.8776	0.9394	0.4792	0.8316	1	6884.02	47.65	0.3044	819.68
zipf	conventional+shortest-switch-cost+lru	high	1847	1847	0	0	1151.956084	5218.966028	6287.317347	0.0839	0.1023	0.1180	0.2377	0.6145	28	14649.90	98.65	0.7038	1732.83
